Workbook

Sheet Summary
A1: VIP scores and p-values by contrast — summary
A2: Untargeted LC-MS, 301 confidently annotated (L1/L2) metabolites. One sheet per contrast; every sheet holds all 301 metabolites sorted by VIP descending.
A4: Contrast | B4: Tissue | C4: Comparison | D4: n control | E4: n treated | F4: Metabolites | G4: p < 0.05 | H4: FDR < 0.05 | I4: VIP > 1 | J4: VIP > 1 AND p < 0.05
A5: scW control vs CSDS | B5: scW | C5: control vs CSDS | D5: 6 | E5: 6 | F5: =COUNT('scW control vs CSDS'!$N$7:$N$307) -> 301 | G5: =COUNTIF('scW control vs CSDS'!$O$7:$O$307,"<0.05") -> 91 | H5: =COUNTIF('scW control vs CSDS'!$P$7:$P$307,"<0.05") -> 0 | I5: =COUNTIF('scW control vs CSDS'!$N$7:$N$307,">1") -> 45 | J5: =COUNTIFS('scW control vs CSDS'!$N$7:$N$307,">1",'scW control vs CSDS'!$O$7:$O$307,"<0.05") -> 25
A6: BAT control vs CMVS | B6: BAT | C6: control vs CMVS | D6: 6 | E6: 5 | F6: =COUNT('BAT control vs CMVS'!$N$7:$N$307) -> 301 | G6: =COUNTIF('BAT control vs CMVS'!$O$7:$O$307,"<0.05") -> 32 | H6: =COUNTIF('BAT control vs CMVS'!$P$7:$P$307,"<0.05") -> 0 | I6: =COUNTIF('BAT control vs CMVS'!$N$7:$N$307,">1") -> 36 | J6: =COUNTIFS('BAT control vs CMVS'!$N$7:$N$307,">1",'BAT control vs CMVS'!$O$7:$O$307,"<0.05") -> 12
A7: BAT control vs CSDS | B7: BAT | C7: control vs CSDS | D7: 6 | E7: 6 | F7: =COUNT('BAT control vs CSDS'!$N$7:$N$307) -> 301 | G7: =COUNTIF('BAT control vs CSDS'!$O$7:$O$307,"<0.05") -> 31 | H7: =COUNTIF('BAT control vs CSDS'!$P$7:$P$307,"<0.05") -> 0 | I7: =COUNTIF('BAT control vs CSDS'!$N$7:$N$307,">1") -> 35 | J7: =COUNTIFS('BAT control vs CSDS'!$N$7:$N$307,">1",'BAT control vs CSDS'!$O$7:$O$307,"<0.05") -> 6
A8: scW control vs CMVS | B8: scW | C8: control vs CMVS | D8: 6 | E8: 6 | F8: =COUNT('scW control vs CMVS'!$N$7:$N$307) -> 301 | G8: =COUNTIF('scW control vs CMVS'!$O$7:$O$307,"<0.05") -> 118 | H8: =COUNTIF('scW control vs CMVS'!$P$7:$P$307,"<0.05") -> 49 | I8: =COUNTIF('scW control vs CMVS'!$N$7:$N$307,">1") -> 41 | J8: =COUNTIFS('scW control vs CMVS'!$N$7:$N$307,">1",'scW control vs CMVS'!$O$7:$O$307,"<0.05") -> 26
A11: Method notes
A12: VIP: PLS-DA, 2 components, Pareto scaling, no log transform (the preprocessing that reproduces the reference SIMCA model).
A13: p-value: Welch two-sample t-test on raw peak areas (does not assume equal variances).
A14: FDR: Benjamini-Hochberg, computed within each contrast across all 301 metabolites.
A15: |r| with group: point-biserial correlation between peak area and group membership.
A16: Sample BAT_Aq_CMVS6 is excluded from both BAT contrasts as a multivariate outlier.
A18: How to read VIP against the p-value
A19: VIP is proportional to sqrt(SD) x |r| — it rewards BOTH how large a metabolite's peak is and how consistent the group difference is.
A20: The t-statistic behind the p-value divides the size out, so it responds to consistency alone.
A21: A metabolite can therefore have a high VIP and a poor p-value simply because its peak is large.
A22: Check the 'Peak area rank' column before interpreting any high VIP with a non-significant p-value.
A24: Caution
... A26: The BAT control vs CSDS model fails permutation validation (p = 0.098), so its VIP ranking should not be used to nominate biomarkers.

Sheet scW control vs CSDS
A1: scW: control vs CSDS — VIP scores and p-values
A2: All 301 confidently annotated (L1/L2) metabolites, sorted by VIP descending. n = 6 control vs 6 CSDS.
A3: VIP from PLS-DA, 2 components, Pareto scaling, no log transform. p-value = Welch t-test (unequal variances). FDR = Benjamini-Hochberg across all 301 metabolites.
A4: VIP > 1 means an above-average contribution to the model; it is NOT a significance test and carries no error control.
A6: Metabolite | B6: KEGG ID | C6: Annotation confidence | D6: m/z | E6: RT (min) | F6: Mean peak area (control) | G6: SD (control) | H6: Mean peak area (CSDS) | I6: SD (CSDS) | J6: Mean peak area (all) | K6: Fold change | L6: log2 fold change | M6: |r| with group | N6: VIP score | O6: p-value (Welch) | P6: FDR q-value (BH) | Q6: VIP rank | R6: p-value rank | S6: Peak area rank | T6: Significant (p<0.05) | U6: Passes FDR<0.05 | V6: VIP > 1
A7: Creatine | B7: C00300 | C7: High | D7: 132.07663 | E7: 11.358 | F7: 1.2824011e+09 | G7: 8.2581931e+08 | H7: 1.3503935e+09 | I7: 1.7754567e+08 | J7: 1.3163973e+09 | K7: 1.0530196 | L7: 0.074532254 | M7: 0.062229485 | N7: 7.2861852 | O7: 0.85082601 | P7: 0.90175574 | Q7: =RANK(N7,$N$7:$N$307,0) -> 1 | R7: =RANK(O7,$O$7:$O$307,1) -> 284 | S7: =RANK(J7,$J$7:$J$307,0) -> 1 | T7: =IF(O7<0.05,"YES","no") -> no | U7: =IF(P7<0.05,"YES","no") -> no | V7: =IF(N7>1,"YES","no") -> YES
A8: L-Carnitine | B8: C00318 | C8: High | D8: 162.11233 | E8: 11.266 | F8: 1.0404348e+09 | G8: 3.8512585e+08 | H8: 1.579049e+09 | I8: 4.1531854e+08 | J8: 1.3097419e+09 | K8: 1.5176818 | L8: 0.60186937 | M8: 0.59306987 | N8: 6.0995966 | O8: 0.042236206 | P8: 0.15286924 | Q8: =RANK(N8,$N$7:$N$307,0) -> 2 | R8: =RANK(O8,$O$7:$O$307,1) -> 83 | S8: =RANK(J8,$J$7:$J$307,0) -> 2 | T8: =IF(O8<0.05,"YES","no") -> YES | U8: =IF(P8<0.05,"YES","no") -> no | V8: =IF(N8>1,"YES","no") -> YES
A9: O-Acetyl-L-carnitine | C9: High | D9: 204.12298 | E9: 10.121 | F9: 4.4674362e+08 | G9: 2.5248505e+08 | H9: 4.431879e+08 | I9: 1.1848228e+08 | J9: 4.4496576e+08 | K9: 0.9920408 | L9: -0.011528645 | M9: 0.0098748303 | N9: 4.7219901 | O9: 0.97594706 | P9: 0.98773343 | Q9: =RANK(N9,$N$7:$N$307,0) -> 3 | R9: =RANK(O9,$O$7:$O$307,1) -> 297 | S9: =RANK(J9,$J$7:$J$307,0) -> 4 | T9: =IF(O9<0.05,"YES","no") -> no | U9: =IF(P9<0.05,"YES","no") -> no | V9: =IF(N9>1,"YES","no") -> YES
A10: Betaine | C10: High | D10: 118.08616 | E10: 10.135 | F10: 5.1986313e+08 | G10: 1.8674074e+08 | H10: 7.7309701e+08 | I10: 1.5590403e+08 | J10: 6.4648007e+08 | K10: 1.4871164 | L10: 0.57251762 | M10: 0.62769846 | N10: 4.2593615 | O10: 0.029534489 | P10: 0.11740817 | Q10: =RANK(N10,$N$7:$N$307,0) -> 4 | R10: =RANK(O10,$O$7:$O$307,1) -> 75 | S10: =RANK(J10,$J$7:$J$307,0) -> 3 | T10: =IF(O10<0.05,"YES","no") -> YES | U10: =IF(P10<0.05,"YES","no") -> no | V10: =IF(N10>1,"YES","no") -> YES
A11: Glutamine | C11: High | D11: 147.07637 | E11: 11.11 | F11: 1.9557461e+08 | G11: 67193449 | H11: 3.2520134e+08 | I11: 50444058 | J11: 2.6038797e+08 | K11: 1.6627994 | L11: 0.73361413 | M11: 0.76691431 | N11: 3.431913 | O11: 0.0041240248 | P11: 0.080425433 | Q11: =RANK(N11,$N$7:$N$307,0) -> 5 | R11: =RANK(O11,$O$7:$O$307,1) -> 14 | S11: =RANK(J11,$J$7:$J$307,0) -> 8 | T11: =IF(O11<0.05,"YES","no") -> YES | U11: =IF(P11<0.05,"YES","no") -> no | V11: =IF(N11>1,"YES","no") -> YES
A12: Taurine | B12: D00047 | C12: High | D12: 126.0218 | E12: 10.855 | F12: 3.0995749e+08 | G12: 1.0747099e+08 | H12: 4.4043485e+08 | I12: 65994926 | J12: 3.7519617e+08 | K12: 1.4209524 | L12: 0.50685824 | M12: 0.62535209 | N12: 3.0406753 | O12: 0.0340345 | P12: 0.12967575 | Q12: =RANK(N12,$N$7:$N$307,0) -> 6 | R12: =RANK(O12,$O$7:$O$307,1) -> 79 | S12: =RANK(J12,$J$7:$J$307,0) -> 5 | T12: =IF(O12<0.05,"YES","no") -> YES | U12: =IF(P12<0.05,"YES","no") -> no | V12: =IF(N12>1,"YES","no") -> YES
A13: Niacinamide | C13: High | D13: 123.05518 | E13: 6.893 | F13: 1.6886508e+08 | G13: 42910269 | H13: 2.7001906e+08 | I13: 54910642 | J13: 2.1944207e+08 | K13: 1.5990225 | L13: 0.67719024 | M13: 0.74721614 | N13: 3.0204891 | O13: 0.0057061123 | P13: 0.080769209 | Q13: =RANK(N13,$N$7:$N$307,0) -> 7 | R13: =RANK(O13,$O$7:$O$307,1) -> 18 | S13: =RANK(J13,$J$7:$J$307,0) -> 9 | T13: =IF(O13<0.05,"YES","no") -> YES | U13: =IF(P13<0.05,"YES","no") -> no | V13: =IF(N13>1,"YES","no") -> YES
A14: Lactic Acid | B14: D02111 | C14: Medium | D14: 89.02433 | E14: 7.221 | F14: 2.6361209e+08 | G14: 2.3743605e+08 | H14: 3.5165817e+08 | I14: 1.1059324e+08 | J14: 3.0763513e+08 | K14: 1.3339986 | L14: 0.41575721 | M14: 0.25197538 | N14: 2.9264233 | O14: 0.43717162 | P14: 0.57462296 | Q14: =RANK(N14,$N$7:$N$307,0) -> 8 | R14: =RANK(O14,$O$7:$O$307,1) -> 229 | S14: =RANK(J14,$J$7:$J$307,0) -> 7 | T14: =IF(O14<0.05,"YES","no") -> no | U14: =IF(P14<0.05,"YES","no") -> no | V14: =IF(N14>1,"YES","no") -> YES
A15: L-Proline | C15: High | D15: 116.07051 | E15: 10.722 | F15: 1.631018e+08 | G15: 91496712 | H15: 2.6626456e+08 | I15: 45270066 | J15: 2.1468318e+08 | K15: 1.6325054 | L15: 0.70708776 | M15: 0.6163951 | N15: 2.7063172 | O15: 0.041093627 | P15: 0.15084368 | Q15: =RANK(N15,$N$7:$N$307,0) -> 9 | R15: =RANK(O15,$O$7:$O$307,1) -> 82 | S15: =RANK(J15,$J$7:$J$307,0) -> 10 | T15: =IF(O15<0.05,"YES","no") -> YES | U15: =IF(P15<0.05,"YES","no") -> no | V15: =IF(N15>1,"YES","no") -> YES
A16: Glutamate | C16: High | D16: 148.06035 | E16: 9.8 | F16: 1.4105361e+08 | G16: 44267005 | H16: 2.0792754e+08 | I16: 22216327 | J16: 1.7449057e+08 | K16: 1.474103 | L16: 0.55983729 | M16: 0.72277444 | N16: 2.3993749 | O16: 0.012068495 | P16: 0.080769209 | Q16: =RANK(N16,$N$7:$N$307,0) -> 10 | R16: =RANK(O16,$O$7:$O$307,1) -> 43 | S16: =RANK(J16,$J$7:$J$307,0) -> 12 | T16: =IF(O16<0.05,"YES","no") -> YES | U16: =IF(P16<0.05,"YES","no") -> no | V16: =IF(N16>1,"YES","no") -> YES
A17: AMP | C17: High | D17: 348.07036 | E17: 9.071 | F17: 1.0860347e+08 | G17: 41235866 | H17: 1.7573888e+08 | I17: 34497529 | J17: 1.4217117e+08 | K17: 1.61817 | L17: 0.6943632 | M17: 0.69524198 | N17: 2.3167952 | O17: 0.012491723 | P17: 0.080769209 | Q17: =RANK(N17,$N$7:$N$307,0) -> 11 | R17: =RANK(O17,$O$7:$O$307,1) -> 46 | S17: =RANK(J17,$J$7:$J$307,0) -> 14 | T17: =IF(O17<0.05,"YES","no") -> YES | U17: =IF(P17<0.05,"YES","no") -> no | V17: =IF(N17>1,"YES","no") -> YES
A18: DELTA-VALEROBETAINE | C18: Medium | D18: 160.13315 | E18: 12.211 | F18: 52606281 | G18: 16530598 | H18: 99230047 | I18: 22862417 | J18: 75918164 | K18: 1.8862776 | L18: 0.91554198 | M18: 0.78804494 | N18: 2.2105074 | O18: 0.0028247159 | P18: 0.077294499 | Q18: =RANK(N18,$N$7:$N$307,0) -> 12 | R18: =RANK(O18,$O$7:$O$307,1) -> 11 | S18: =RANK(J18,$J$7:$J$307,0) -> 25 | T18: =IF(O18<0.05,"YES","no") -> YES | U18: =IF(P18<0.05,"YES","no") -> no | V18: =IF(N18>1,"YES","no") -> YES
A19: Phosphoric acid | C19: Medium | D19: 96.96949 | E19: 10.445 | F19: 1.3852018e+08 | G19: 67269447 | H19: 2.0610002e+08 | I19: 33383156 | J19: 1.723101e+08 | K19: 1.48787 | L19: 0.57324846 | M19: 0.57184069 | N19: 2.1836297 | O19: 0.061661299 | P19: 0.17286825 | Q19: =RANK(N19,$N$7:$N$307,0) -> 13 | R19: =RANK(O19,$O$7:$O$307,1) -> 105 | S19: =RANK(J19,$J$7:$J$307,0) -> 13 | T19: =IF(O19<0.05,"YES","no") -> no | U19: =IF(P19<0.05,"YES","no") -> no | V19: =IF(N19>1,"YES","no") -> YES
A20: L-Histidine | C20: High | D20: 156.0766 | E20: 13.639 | F20: 78099745 | G20: 39852249 | H20: 1.3559064e+08 | I20: 23308909 | J20: 1.0684519e+08 | K20: 1.7361214 | L20: 0.79586787 | M20: 0.69423958 | N20: 2.1360453 | O20: 0.015670737 | P20: 0.09070946 | Q20: =RANK(N20,$N$7:$N$307,0) -> 14 | R20: =RANK(O20,$O$7:$O$307,1) -> 52 | S20: =RANK(J20,$J$7:$J$307,0) -> 17 | T20: =IF(O20<0.05,"YES","no") -> YES | U20: =IF(P20<0.05,"YES","no") -> no | V20: =IF(N20>1,"YES","no") -> YES
A21: Adenosine | C21: High | D21: 268.104 | E21: 8.014 | F21: 1.5018848e+08 | G21: 43538726 | H21: 2.1461859e+08 | I21: 56093350 | J21: 1.8240353e+08 | K21: 1.428995 | L21: 0.51500085 | M21: 0.57502331 | N21: 2.0492153 | O21: 0.052056776 | P21: 0.16669244 | Q21: =RANK(N21,$N$7:$N$307,0) -> 15 | R21: =RANK(O21,$O$7:$O$307,1) -> 94 | S21: =RANK(J21,$J$7:$J$307,0) -> 11 | T21: =IF(O21<0.05,"YES","no") -> no | U21: =IF(P21<0.05,"YES","no") -> no | V21: =IF(N21>1,"YES","no") -> YES
A22: Urocanate | C22: High | D22: 139.05016 | E22: 8.782 | F22: 88609977 | G22: 50115635 | H22: 74377174 | I22: 14913124 | J22: 81493575 | K22: 0.83937697 | L22: -0.25260922 | M22: 0.20631145 | N22: 2.0140382 | O22: 0.53020956 | P22: 0.67055916 | Q22: =RANK(N22,$N$7:$N$307,0) -> 16 | R22: =RANK(O22,$O$7:$O$307,1) -> 238 | S22: =RANK(J22,$J$7:$J$307,0) -> 23 | T22: =IF(O22<0.05,"YES","no") -> no | U22: =IF(P22<0.05,"YES","no") -> no | V22: =IF(N22>1,"YES","no") -> YES
A23: Phosphorylcholine | C23: High | D23: 184.07327 | E23: 11.86 | F23: 48471179 | G23: 41271154 | H23: 1.0411296e+08 | I23: 42733611 | J23: 76292070 | K23: 2.1479354 | L23: 1.1029506 | M23: 0.58721909 | N23: 1.9482106 | O23: 0.044726849 | P23: 0.15488998 | Q23: =RANK(N23,$N$7:$N$307,0) -> 17 | R23: =RANK(O23,$O$7:$O$307,1) -> 86 | S23: =RANK(J23,$J$7:$J$307,0) -> 24 | T23: =IF(O23<0.05,"YES","no") -> YES | U23: =IF(P23<0.05,"YES","no") -> no | V23: =IF(N23>1,"YES","no") -> YES
A24: Phenylalanine | C24: High | D24: 166.08629 | E24: 8.757 | F24: 33378282 | G24: 13592983 | H24: 67706988 | I24: 13011525 | J24: 50542635 | K24: 2.0284743 | L24: 1.0203951 | M24: 0.81629229 | N24: 1.8346305 | O24: 0.0012053514 | P24: 0.063570933 | Q24: =RANK(N24,$N$7:$N$307,0) -> 18 | R24: =RANK(O24,$O$7:$O$307,1) -> 5 | S24: =RANK(J24,$J$7:$J$307,0) -> 31 | T24: =IF(O24<0.05,"YES","no") -> YES | U24: =IF(P24<0.05,"YES","no") -> no | V24: =IF(N24>1,"YES","no") -> YES
A25: L-Arginine | B25: C02385 | C25: High | D25: 175.11886 | E25: 18.84 | F25: 43043162 | G25: 28798034 | H25: 82926199 | I25: 19826977 | J25: 62984680 | K25: 1.9265824 | L25: 0.94604392 | M25: 0.66214274 | N25: 1.7293375 | O25: 0.021198088 | P25: 0.09969726 | Q25: =RANK(N25,$N$7:$N$307,0) -> 19 | R25: =RANK(O25,$O$7:$O$307,1) -> 64 | S25: =RANK(J25,$J$7:$J$307,0) -> 28 | T25: =IF(O25<0.05,"YES","no") -> YES | U25: =IF(P25<0.05,"YES","no") -> no | V25: =IF(N25>1,"YES","no") -> YES
A26: Sarcosine | C26: High | D26: 90.05487 | E26: 11.327 | F26: 72135994 | G26: 41774655 | H26: 72674987 | I26: 19194799 | J26: 72405490 | K26: 1.0074719 | L26: 0.010739593 | M26: 0.0090809858 | N26: 1.661842 | O26: 0.97788891 | P26: 0.98773343 | Q26: =RANK(N26,$N$7:$N$307,0) -> 20 | R26: =RANK(O26,$O$7:$O$307,1) -> 298 | S26: =RANK(J26,$J$7:$J$307,0) -> 27 | T26: =IF(O26<0.05,"YES","no") -> no | U26: =IF(P26<0.05,"YES","no") -> no | V26: =IF(N26>1,"YES","no") -> YES
A27: Glycerophosphocholine | C27: Medium | D27: 258.11003 | E27: 11.271 | F27: 94270142 | G27: 44420088 | H27: 1.3497819e+08 | I27: 26962783 | J27: 1.1462417e+08 | K27: 1.4318234 | L27: 0.51785352 | M27: 0.51877927 | N27: 1.6282339 | O27: 0.090181976 | P27: 0.21806569 | Q27: =RANK(N27,$N$7:$N$307,0) -> 21 | R27: =RANK(O27,$O$7:$O$307,1) -> 123 | S27: =RANK(J27,$J$7:$J$307,0) -> 16 | T27: =IF(O27<0.05,"YES","no") -> no | U27: =IF(P27<0.05,"YES","no") -> no | V27: =IF(N27>1,"YES","no") -> YES
A28: Methionine | B28: D00019 | C28: High | D28: 150.05829 | E28: 9.553 | F28: 42117273 | G28: 27398158 | H28: 77976460 | I28: 19363355 | J28: 60046866 | K28: 1.8514128 | L28: 0.88862664 | M28: 0.63771675 | N28: 1.6090825 | O28: 0.027904476 | P28: 0.11740817 | Q28: =RANK(N28,$N$7:$N$307,0) -> 22 | R28: =RANK(O28,$O$7:$O$307,1) -> 71 | S28: =RANK(J28,$J$7:$J$307,0) -> 29 | T28: =IF(O28<0.05,"YES","no") -> YES | U28: =IF(P28<0.05,"YES","no") -> no | V28: =IF(N28>1,"YES","no") -> YES
A29: Pantothenate | C29: High | D29: 220.11801 | E29: 6.937 | F29: 66071055 | G29: 16105017 | H29: 1.0671319e+08 | I29: 45082312 | J29: 86392124 | K29: 1.6151278 | L29: 0.69164829 | M29: 0.54944754 | N29: 1.607552 | O29: 0.080883698 | P29: 0.20458818 | Q29: =RANK(N29,$N$7:$N$307,0) -> 23 | R29: =RANK(O29,$O$7:$O$307,1) -> 119 | S29: =RANK(J29,$J$7:$J$307,0) -> 22 | T29: =IF(O29<0.05,"YES","no") -> no | U29: =IF(P29<0.05,"YES","no") -> no | V29: =IF(N29>1,"YES","no") -> YES
A30: Anserine | C30: High | D30: 241.12961 | E30: 11.667 | F30: 9969130.1 | G30: 21933574 | H30: 1327576.7 | I30: 1377034 | J30: 5648353.4 | K30: 0.13316876 | L30: -2.9086724 | M30: 0.29136637 | N30: 1.582129 | O30: 0.37936998 | P30: 0.536105 | Q30: =RANK(N30,$N$7:$N$307,0) -> 24 | R30: =RANK(O30,$O$7:$O$307,1) -> 213 | S30: =RANK(J30,$J$7:$J$307,0) -> 96 | T30: =IF(O30<0.05,"YES","no") -> no | U30: =IF(P30<0.05,"YES","no") -> no | V30: =IF(N30>1,"YES","no") -> YES
A31: Glutathione Reduced | B31: C02471 | C31: High | D31: 308.09115 | E31: 9.381 | F31: 73540694 | G31: 27932941 | H31: 1.0843343e+08 | I31: 35709784 | J31: 90987060 | K31: 1.4744684 | L31: 0.56019486 | M31: 0.51206461 | N31: 1.529785 | O31: 0.090471158 | P31: 0.21806569 | Q31: =RANK(N31,$N$7:$N$307,0) -> 25 | R31: =RANK(O31,$O$7:$O$307,1) -> 124 | S31: =RANK(J31,$J$7:$J$307,0) -> 19 | T31: =IF(O31<0.05,"YES","no") -> no | U31: =IF(P31<0.05,"YES","no") -> no | V31: =IF(N31>1,"YES","no") -> YES
A32: Histamine | C32: Medium | D32: 112.08688 | E32: 11.095 | F32: 1.6597984e+08 | G32: 86253112 | H32: 1.1494643e+08 | I32: 55245649 | J32: 1.4046313e+08 | K32: 0.69253249 | L32: -0.53004633 | M32: 0.3600466 | N32: 1.4863141 | O32: 0.25503871 | P32: 0.4196804 | Q32: =RANK(N32,$N$7:$N$307,0) -> 26 | R32: =RANK(O32,$O$7:$O$307,1) -> 182 | S32: =RANK(J32,$J$7:$J$307,0) -> 15 | T32: =IF(O32<0.05,"YES","no") -> no | U32: =IF(P32<0.05,"YES","no") -> no | V32: =IF(N32>1,"YES","no") -> YES
A33: Stachydrine | C33: High | D33: 144.10188 | E33: 10.062 | F33: 78536226 | G33: 30798804 | H33: 1.0980655e+08 | I33: 15647724 | J33: 94171389 | K33: 1.3981644 | L33: 0.48353396 | M33: 0.57409489 | N33: 1.4775995 | O33: 0.059995897 | P33: 0.17286825 | Q33: =RANK(N33,$N$7:$N$307,0) -> 27 | R33: =RANK(O33,$O$7:$O$307,1) -> 104 | S33: =RANK(J33,$J$7:$J$307,0) -> 18 | T33: =IF(O33<0.05,"YES","no") -> no | U33: =IF(P33<0.05,"YES","no") -> no | V33: =IF(N33>1,"YES","no") -> YES
A34: Deoxycarnitine | C34: High | D34: 146.11753 | E34: 11.962 | F34: 28471696 | G34: 6904145.6 | H34: 51464129 | I34: 13853863 | J34: 39967913 | K34: 1.807554 | L34: 0.85403878 | M34: 0.75477178 | N34: 1.4559629 | O34: 0.0076530831 | P34: 0.080769209 | Q34: =RANK(N34,$N$7:$N$307,0) -> 28 | R34: =RANK(O34,$O$7:$O$307,1) -> 24 | S34: =RANK(J34,$J$7:$J$307,0) -> 39 | T34: =IF(O34<0.05,"YES","no") -> YES | U34: =IF(P34<0.05,"YES","no") -> no | V34: =IF(N34>1,"YES","no") -> YES
A35: Hypoxanthine | C35: High | D35: 175.00169 | E35: 8.607 | F35: 14646463 | G35: 4677960 | H35: 34011463 | I35: 15636884 | J35: 24328963 | K35: 2.3221621 | L35: 1.2154687 | M35: 0.67666965 | N35: 1.4335251 | O35: 0.027708393 | P35: 0.11740817 | Q35: =RANK(N35,$N$7:$N$307,0) -> 29 | R35: =RANK(O35,$O$7:$O$307,1) -> 70 | S35: =RANK(J35,$J$7:$J$307,0) -> 49 | T35: =IF(O35<0.05,"YES","no") -> YES | U35: =IF(P35<0.05,"YES","no") -> no | V35: =IF(N35>1,"YES","no") -> YES
A36: Propionylcarnitine | B36: C03017 | C36: Medium | D36: 218.13866 | E36: 9.458 | F36: 34639711 | G36: 12028070 | H36: 26974645 | I36: 9850367.5 | J36: 30807178 | K36: 0.77872026 | L36: -0.36082294 | M36: 0.35676812 | N36: 1.3356073 | O36: 0.25600773 | P36: 0.4196804 | Q36: =RANK(N36,$N$7:$N$307,0) -> 30 | R36: =RANK(O36,$O$7:$O$307,1) -> 183 | S36: =RANK(J36,$J$7:$J$307,0) -> 42 | T36: =IF(O36<0.05,"YES","no") -> no | U36: =IF(P36<0.05,"YES","no") -> no | V36: =IF(N36>1,"YES","no") -> YES
A37: Inosine | C37: High | D37: 269.08805 | E37: 8.957 | F37: 8178938.8 | G37: 4682154.3 | H37: 24455760 | I37: 11702228 | J37: 16317350 | K37: 2.9900897 | L37: 1.5801887 | M37: 0.70721383 | N37: 1.2765699 | O37: 0.017279729 | P37: 0.09631849 | Q37: =RANK(N37,$N$7:$N$307,0) -> 31 | R37: =RANK(O37,$O$7:$O$307,1) -> 54 | S37: =RANK(J37,$J$7:$J$307,0) -> 60 | T37: =IF(O37<0.05,"YES","no") -> YES | U37: =IF(P37<0.05,"YES","no") -> no | V37: =IF(N37>1,"YES","no") -> YES
A38: Tyrosine | B38: D00022 | C38: High | D38: 182.08114 | E38: 10.237 | F38: 17944354 | G38: 11895499 | H38: 35868353 | I38: 6126717.4 | J38: 26906354 | K38: 1.9988656 | L38: 0.9991815 | M38: 0.72003735 | N38: 1.2530577 | O38: 0.012266264 | P38: 0.080769209 | Q38: =RANK(N38,$N$7:$N$307,0) -> 32 | R38: =RANK(O38,$O$7:$O$307,1) -> 44 | S38: =RANK(J38,$J$7:$J$307,0) -> 47 | T38: =IF(O38<0.05,"YES","no") -> YES | U38: =IF(P38<0.05,"YES","no") -> no | V38: =IF(N38>1,"YES","no") -> YES
A39: Creatinine | C39: High | D39: 114.06614 | E39: 8.762 | F39: 40889713 | G39: 32096943 | H39: 51268663 | I39: 12056704 | J39: 46079188 | K39: 1.2538279 | L39: 0.32633932 | M39: 0.22828698 | N39: 1.2250382 | O39: 0.48477524 | P39: 0.62625471 | Q39: =RANK(N39,$N$7:$N$307,0) -> 33 | R39: =RANK(O39,$O$7:$O$307,1) -> 233 | S39: =RANK(J39,$J$7:$J$307,0) -> 35 | T39: =IF(O39<0.05,"YES","no") -> no | U39: =IF(P39<0.05,"YES","no") -> no | V39: =IF(N39>1,"YES","no") -> YES
A40: L-Lysine | C40: High | D40: 147.11272 | E40: 18.232 | F40: 32765810 | G40: 26559509 | H40: 51014631 | I40: 29850409 | J40: 41890220 | K40: 1.5569471 | L40: 0.63871988 | M40: 0.33352248 | N40: 1.1836283 | O40: 0.28974479 | P40: 0.45188177 | Q40: =RANK(N40,$N$7:$N$307,0) -> 34 | R40: =RANK(O40,$O$7:$O$307,1) -> 193 | S40: =RANK(J40,$J$7:$J$307,0) -> 37 | T40: =IF(O40<0.05,"YES","no") -> no | U40: =IF(P40<0.05,"YES","no") -> no | V40: =IF(N40>1,"YES","no") -> YES
A41: 4-Aminobenzoic acid | B41: D02907 | C41: Medium | D41: 138.0549 | E41: 10.341 | F41: 36465558 | G41: 14446596 | H41: 55724389 | I41: 11623109 | J41: 46094974 | K41: 1.5281376 | L41: 0.61177442 | M41: 0.62685348 | N41: 1.1784014 | O41: 0.030111822 | P41: 0.11740817 | Q41: =RANK(N41,$N$7:$N$307,0) -> 35 | R41: =RANK(O41,$O$7:$O$307,1) -> 77 | S41: =RANK(J41,$J$7:$J$307,0) -> 34 | T41: =IF(O41<0.05,"YES","no") -> YES | U41: =IF(P41<0.05,"YES","no") -> no | V41: =IF(N41>1,"YES","no") -> YES
A42: Linoleic acid | B42: D01928 | C42: Medium | D42: 279.23253 | E42: 3.685 | F42: 93439745 | G42: 87446067 | H42: 58221572 | I42: 51165726 | J42: 75830659 | K42: 0.62309215 | L42: -0.68248256 | M42: 0.25999784 | N42: 1.1605027 | O42: 0.41907386 | P42: 0.56062769 | Q42: =RANK(N42,$N$7:$N$307,0) -> 36 | R42: =RANK(O42,$O$7:$O$307,1) -> 225 | S42: =RANK(J42,$J$7:$J$307,0) -> 26 | T42: =IF(O42<0.05,"YES","no") -> no | U42: =IF(P42<0.05,"YES","no") -> no | V42: =IF(N42>1,"YES","no") -> YES
A43: Carnosine | C43: High | D43: 227.11387 | E43: 11.951 | F43: 5821665.9 | G43: 11993611 | H43: 1353305 | I43: 623675.39 | J43: 3587485.4 | K43: 0.23246009 | L43: -2.1049451 | M43: 0.27692485 | N43: 1.1590007 | O43: 0.40369263 | P43: 0.55484695 | Q43: =RANK(N43,$N$7:$N$307,0) -> 37 | R43: =RANK(O43,$O$7:$O$307,1) -> 219 | S43: =RANK(J43,$J$7:$J$307,0) -> 115 | T43: =IF(O43<0.05,"YES","no") -> no | U43: =IF(P43<0.05,"YES","no") -> no | V43: =IF(N43>1,"YES","no") -> YES
A44: Xanthine | C44: High | D44: 151.02624 | E44: 8.62 | F44: 11264421 | G44: 4410372.2 | H44: 23822806 | I44: 8058558 | J44: 17543613 | K44: 2.1148718 | L44: 1.0805702 | M44: 0.72704146 | N44: 1.1549338 | O44: 0.01057881 | P44: 0.080769209 | Q44: =RANK(N44,$N$7:$N$307,0) -> 38 | R44: =RANK(O44,$O$7:$O$307,1) -> 38 | S44: =RANK(J44,$J$7:$J$307,0) -> 56 | T44: =IF(O44<0.05,"YES","no") -> YES | U44: =IF(P44<0.05,"YES","no") -> no | V44: =IF(N44>1,"YES","no") -> YES
A45: Trimethylamine N-Oxide | C45: High | D45: 76.07564 | E45: 12.042 | F45: 6772379.6 | G45: 3304015.3 | H45: 20669895 | I45: 8881464 | J45: 13721138 | K45: 3.0520875 | L45: 1.6097963 | M45: 0.75061147 | N45: 1.153647 | O45: 0.010392618 | P45: 0.080769209 | Q45: =RANK(N45,$N$7:$N$307,0) -> 39 | R45: =RANK(O45,$O$7:$O$307,1) -> 35 | S45: =RANK(J45,$J$7:$J$307,0) -> 68 | T45: =IF(O45<0.05,"YES","no") -> YES | U45: =IF(P45<0.05,"YES","no") -> no | V45: =IF(N45>1,"YES","no") -> YES
A46: Taurocholic acid | C46: Medium | D46: 514.28466 | E46: 4.74 | F46: 157206.42 | G46: 52174.075 | H46: 19944590 | I46: 33747304 | J46: 10050898 | K46: 126.8688 | L46: 6.9871935 | M46: 0.41352431 | N46: 1.147037 | O46: 0.21042581 | P46: 0.37701292 | Q46: =RANK(N46,$N$7:$N$307,0) -> 40 | R46: =RANK(O46,$O$7:$O$307,1) -> 168 | S46: =RANK(J46,$J$7:$J$307,0) -> 80 | T46: =IF(O46<0.05,"YES","no") -> no | U46: =IF(P46<0.05,"YES","no") -> no | V46: =IF(N46>1,"YES","no") -> YES
A47: 2-Oxindole | B47: C12312 | C47: Medium | D47: 134.05998 | E47: 6.153 | F47: 3144616.3 | G47: 1370647.4 | H47: 14448027 | I47: 7057673.5 | J47: 8796321.8 | K47: 4.5945278 | L47: 2.1999166 | M47: 0.77283669 | N47: 1.1156295 | O47: 0.010431512 | P47: 0.080769209 | Q47: =RANK(N47,$N$7:$N$307,0) -> 41 | R47: =RANK(O47,$O$7:$O$307,1) -> 36 | S47: =RANK(J47,$J$7:$J$307,0) -> 85 | T47: =IF(O47<0.05,"YES","no") -> YES | U47: =IF(P47<0.05,"YES","no") -> no | V47: =IF(N47>1,"YES","no") -> YES
A48: 2-Methylpyrazine | C48: Medium | D48: 95.06033 | E48: 11.093 | F48: 58692975 | G48: 30877919 | H48: 37566153 | I48: 25738938 | J48: 48129564 | K48: 0.64004512 | L48: -0.64375448 | M48: 0.3770499 | N48: 1.112048 | O48: 0.22788119 | P48: 0.39198162 | Q48: =RANK(N48,$N$7:$N$307,0) -> 42 | R48: =RANK(O48,$O$7:$O$307,1) -> 174 | S48: =RANK(J48,$J$7:$J$307,0) -> 33 | T48: =IF(O48<0.05,"YES","no") -> no | U48: =IF(P48<0.05,"YES","no") -> no | V48: =IF(N48>1,"YES","no") -> YES
A49: Ascorbate | C49: High | D49: 175.0248 | E49: 9.306 | F49: 48931390 | G49: 12377605 | H49: 64348150 | I49: 7056731.1 | J49: 56639770 | K49: 1.3150689 | L49: 0.3951384 | M49: 0.64235713 | N49: 1.0692698 | O49: 0.029428377 | P49: 0.11740817 | Q49: =RANK(N49,$N$7:$N$307,0) -> 43 | R49: =RANK(O49,$O$7:$O$307,1) -> 72 | S49: =RANK(J49,$J$7:$J$307,0) -> 30 | T49: =IF(O49<0.05,"YES","no") -> YES | U49: =IF(P49<0.05,"YES","no") -> no | V49: =IF(N49>1,"YES","no") -> YES
A50: Threonine | B50: C12317 | C50: High | D50: 120.0655 | E50: 10.871 | F50: 16495557 | G50: 8331575.1 | H50: 30314958 | I50: 6889886.4 | J50: 23405257 | K50: 1.8377651 | L50: 0.87795235 | M50: 0.70358469 | N50: 1.063164 | O50: 0.01111745 | P50: 0.080769209 | Q50: =RANK(N50,$N$7:$N$307,0) -> 44 | R50: =RANK(O50,$O$7:$O$307,1) -> 41 | S50: =RANK(J50,$J$7:$J$307,0) -> 50 | T50: =IF(O50<0.05,"YES","no") -> YES | U50: =IF(P50<0.05,"YES","no") -> no | V50: =IF(N50>1,"YES","no") -> YES
A51: Ergothioneine | C51: High | D51: 230.09567 | E51: 11.253 | F51: 21162272 | G51: 3682694 | H51: 33776601 | I51: 8146548 | J51: 27469436 | K51: 1.5960763 | L51: 0.6745296 | M51: 0.73777413 | N51: 1.0489037 | O51: 0.010694924 | P51: 0.080769209 | Q51: =RANK(N51,$N$7:$N$307,0) -> 45 | R51: =RANK(O51,$O$7:$O$307,1) -> 39 | S51: =RANK(J51,$J$7:$J$307,0) -> 46 | T51: =IF(O51<0.05,"YES","no") -> YES | U51: =IF(P51<0.05,"YES","no") -> no | V51: =IF(N51>1,"YES","no") -> YES
A52: Tryptophan | C52: High | D52: 205.09714 | E52: 9.665 | F52: 11755737 | G52: 4624146.3 | H52: 21664531 | I52: 3607583.3 | J52: 16710134 | K52: 1.84289 | L52: 0.88196999 | M52: 0.79457921 | N52: 0.98857942 | O52: 0.0022806268 | P52: 0.076274296 | Q52: =RANK(N52,$N$7:$N$307,0) -> 46 | R52: =RANK(O52,$O$7:$O$307,1) -> 9 | S52: =RANK(J52,$J$7:$J$307,0) -> 57 | T52: =IF(O52<0.05,"YES","no") -> YES | U52: =IF(P52<0.05,"YES","no") -> no | V52: =IF(N52>1,"YES","no") -> no
A53: L-Citrulline | B53: D07706 | C53: High | D53: 176.10294 | E53: 11.63 | F53: 15555524 | G53: 6148072.7 | H53: 26937165 | I53: 5440055.8 | J53: 21246344 | K53: 1.7316784 | L53: 0.79217104 | M53: 0.73184614 | N53: 0.97680912 | O53: 0.006959259 | P53: 0.080769209 | Q53: =RANK(N53,$N$7:$N$307,0) -> 47 | R53: =RANK(O53,$O$7:$O$307,1) -> 22 | S53: =RANK(J53,$J$7:$J$307,0) -> 53 | T53: =IF(O53<0.05,"YES","no") -> YES | U53: =IF(P53<0.05,"YES","no") -> no | V53: =IF(N53>1,"YES","no") -> no
A54: Succinate | C54: High | D54: 117.01927 | E54: 9.349 | F54: 14374319 | G54: 12933277 | H54: 12191582 | I54: 4835613.6 | J54: 13282951 | K54: 0.84815028 | L54: -0.23760819 | M54: 0.12154123 | N54: 0.97314771 | O54: 0.71120155 | P54: 0.81087752 | Q54: =RANK(N54,$N$7:$N$307,0) -> 48 | R54: =RANK(O54,$O$7:$O$307,1) -> 264 | S54: =RANK(J54,$J$7:$J$307,0) -> 73 | T54: =IF(O54<0.05,"YES","no") -> no | U54: =IF(P54<0.05,"YES","no") -> no | V54: =IF(N54>1,"YES","no") -> no
A55: Choline | C55: Medium | D55: 104.10686 | E55: 8.911 | F55: 3.5209187e+08 | G55: 1.4154746e+08 | H55: 3.057036e+08 | I55: 1.5433544e+08 | J55: 3.2889774e+08 | K55: 0.86824954 | L55: -0.20381835 | M55: 0.16911144 | N55: 0.96747446 | O55: 0.59938049 | P55: 0.71309695 | Q55: =RANK(N55,$N$7:$N$307,0) -> 49 | R55: =RANK(O55,$O$7:$O$307,1) -> 253 | S55: =RANK(J55,$J$7:$J$307,0) -> 6 | T55: =IF(O55<0.05,"YES","no") -> no | U55: =IF(P55<0.05,"YES","no") -> no | V55: =IF(N55>1,"YES","no") -> no
A56: trans-3-Indoleacrylic acid | C56: Medium | D56: 188.07061 | E56: 9.625 | F56: 11425358 | G56: 5109346.4 | H56: 21173859 | I56: 3723876 | J56: 16299609 | K56: 1.8532337 | L56: 0.89004482 | M56: 0.76673287 | N56: 0.94934189 | O56: 0.0042478364 | P56: 0.080425433 | Q56: =RANK(N56,$N$7:$N$307,0) -> 50 | R56: =RANK(O56,$O$7:$O$307,1) -> 15 | S56: =RANK(J56,$J$7:$J$307,0) -> 61 | T56: =IF(O56<0.05,"YES","no") -> YES | U56: =IF(P56<0.05,"YES","no") -> no | V56: =IF(N56>1,"YES","no") -> no
A57: Glycerol 3-Phosphate | C57: High | D57: 171.00639 | E57: 9.574 | F57: 7198733.8 | G57: 11600767 | H57: 4676215.8 | I57: 3098396.4 | J57: 5937474.8 | K57: 0.64958866 | L57: -0.62240164 | M57: 0.16061471 | N57: 0.94214518 | O57: 0.62614187 | P57: 0.73620587 | Q57: =RANK(N57,$N$7:$N$307,0) -> 51 | R57: =RANK(O57,$O$7:$O$307,1) -> 256 | S57: =RANK(J57,$J$7:$J$307,0) -> 94 | T57: =IF(O57<0.05,"YES","no") -> no | U57: =IF(P57<0.05,"YES","no") -> no | V57: =IF(N57>1,"YES","no") -> no
A58: D-Histidine | C58: Medium | D58: 154.06224 | E58: 12.328 | F58: 20945384 | G58: 12134032 | H58: 34366239 | I58: 9069185.3 | J58: 27655811 | K58: 1.6407548 | L58: 0.71435963 | M58: 0.56582559 | N58: 0.92732586 | O58: 0.057283367 | P58: 0.16904209 | Q58: =RANK(N58,$N$7:$N$307,0) -> 52 | R58: =RANK(O58,$O$7:$O$307,1) -> 102 | S58: =RANK(J58,$J$7:$J$307,0) -> 45 | T58: =IF(O58<0.05,"YES","no") -> no | U58: =IF(P58<0.05,"YES","no") -> no | V58: =IF(N58>1,"YES","no") -> no
A59: Malate | C59: High | D59: 133.01415 | E59: 10.102 | F59: 26489694 | G59: 22993490 | H59: 29861347 | I59: 10941109 | J59: 28175520 | K59: 1.1272817 | L59: 0.17284804 | M59: 0.10202857 | N59: 0.92456262 | O59: 0.75496217 | P59: 0.84164301 | Q59: =RANK(N59,$N$7:$N$307,0) -> 53 | R59: =RANK(O59,$O$7:$O$307,1) -> 270 | S59: =RANK(J59,$J$7:$J$307,0) -> 44 | T59: =IF(O59<0.05,"YES","no") -> no | U59: =IF(P59<0.05,"YES","no") -> no | V59: =IF(N59>1,"YES","no") -> no
A60: N-Acetylglutamate | C60: High | D60: 188.05646 | E60: 8.846 | F60: 8542112.2 | G60: 4784582.8 | H60: 18841352 | I60: 6555150.8 | J60: 13691732 | K60: 2.2057018 | L60: 1.1412377 | M60: 0.70102651 | N60: 0.90967871 | O60: 0.012303403 | P60: 0.080769209 | Q60: =RANK(N60,$N$7:$N$307,0) -> 54 | R60: =RANK(O60,$O$7:$O$307,1) -> 45 | S60: =RANK(J60,$J$7:$J$307,0) -> 69 | T60: =IF(O60<0.05,"YES","no") -> YES | U60: =IF(P60<0.05,"YES","no") -> no | V60: =IF(N60>1,"YES","no") -> no
A61: Citrate | C61: High | D61: 191.01965 | E61: 11.31 | F61: 11105696 | G61: 5767655.4 | H61: 21723395 | I61: 7102275.3 | J61: 16414546 | K61: 1.9560587 | L61: 0.9679497 | M61: 0.66852176 | N61: 0.89864431 | O61: 0.018162494 | P61: 0.097623408 | Q61: =RANK(N61,$N$7:$N$307,0) -> 55 | R61: =RANK(O61,$O$7:$O$307,1) -> 56 | S61: =RANK(J61,$J$7:$J$307,0) -> 59 | T61: =IF(O61<0.05,"YES","no") -> YES | U61: =IF(P61<0.05,"YES","no") -> no | V61: =IF(N61>1,"YES","no") -> no
A62: D-Pantothenic acid | C62: Medium | D62: 220.11791 | E62: 5.093 | F62: 8593261.7 | G62: 2874408.4 | H62: 18343455 | I62: 8005140.4 | J62: 13468359 | K62: 2.1346325 | L62: 1.0939877 | M62: 0.66396952 | N62: 0.8705772 | O62: 0.029434411 | P62: 0.11740817 | Q62: =RANK(N62,$N$7:$N$307,0) -> 56 | R62: =RANK(O62,$O$7:$O$307,1) -> 73 | S62: =RANK(J62,$J$7:$J$307,0) -> 72 | T62: =IF(O62<0.05,"YES","no") -> YES | U62: =IF(P62<0.05,"YES","no") -> no | V62: =IF(N62>1,"YES","no") -> no
A63: UMP | C63: High | D63: 323.02841 | E63: 9.303 | F63: 10077403 | G63: 2927138.1 | H63: 17141033 | I63: 2846554.6 | J63: 13609218 | K63: 1.7009375 | L63: 0.76633015 | M63: 0.80144486 | N63: 0.86027034 | O63: 0.0017258763 | P63: 0.073138088 | Q63: =RANK(N63,$N$7:$N$307,0) -> 57 | R63: =RANK(O63,$O$7:$O$307,1) -> 7 | S63: =RANK(J63,$J$7:$J$307,0) -> 71 | T63: =IF(O63<0.05,"YES","no") -> YES | U63: =IF(P63<0.05,"YES","no") -> no | V63: =IF(N63>1,"YES","no") -> no
A64: 4-propylphenol | C64: Medium | D64: 119.08541 | E64: 4.064 | F64: 86454199 | G64: 18642525 | H64: 95316758 | I64: 17622534 | J64: 90885478 | K64: 1.1025116 | L64: 0.14079384 | M64: 0.25850627 | N64: 0.85280482 | O64: 0.41727421 | P64: 0.56062769 | Q64: =RANK(N64,$N$7:$N$307,0) -> 58 | R64: =RANK(O64,$O$7:$O$307,1) -> 223 | S64: =RANK(J64,$J$7:$J$307,0) -> 20 | T64: =IF(O64<0.05,"YES","no") -> no | U64: =IF(P64<0.05,"YES","no") -> no | V64: =IF(N64>1,"YES","no") -> no
A65: IMP | C65: High | D65: 349.05452 | E65: 9.655 | F65: 12602399 | G65: 9152119.8 | H65: 11969854 | I65: 3939852.9 | J65: 12286127 | K65: 0.94980755 | L65: -0.074292863 | M65: 0.049113822 | N65: 0.82780625 | O65: 0.88094815 | P65: 0.92071317 | Q65: =RANK(N65,$N$7:$N$307,0) -> 59 | R65: =RANK(O65,$O$7:$O$307,1) -> 288 | S65: =RANK(J65,$J$7:$J$307,0) -> 75 | T65: =IF(O65<0.05,"YES","no") -> no | U65: =IF(P65<0.05,"YES","no") -> no | V65: =IF(N65>1,"YES","no") -> no
... A67: Guanidinoacetate | C67: High | D67: 118.06106 | E67: 11.849 | F67: 10585729 | G67: 2545795.1 | H67: 16950483 | I67: 4008683.8 | J67: 13768106 | K67: 1.601258 | L67: 0.67920573 | M67: 0.7202305 | N67: 0.76016426 | O67: 0.010298062 | P67: 0.080769209 | Q67: =RANK(N67,$N$7:$N$307,0) -> 61 | R67: =RANK(O67,$O$7:$O$307,1) -> 34 | S67: =RANK(J67,$J$7:$J$307,0) -> 67 | T67: =IF(O67<0.05,"YES","no") -> YES | U67: =IF(P67<0.05,"YES","no") -> no | V67: =IF(N67>1,"YES","no") -> no
A68: Oleic acid | B68: D02315 | C68: Medium | D68: 281.24811 | E68: 3.644 | F68: 39718060 | G68: 30305720 | H68: 25320937 | I68: 18328885 | J68: 32519498 | K68: 0.63751695 | L68: -0.6494644 | M68: 0.30033673 | N68: 0.75554688 | O68: 0.34777158 | P68: 0.52079226 | Q68: =RANK(N68,$N$7:$N$307,0) -> 62 | R68: =RANK(O68,$O$7:$O$307,1) -> 201 | S68: =RANK(J68,$J$7:$J$307,0) -> 41 | T68: =IF(O68<0.05,"YES","no") -> no | U68: =IF(P68<0.05,"YES","no") -> no | V68: =IF(N68>1,"YES","no") -> no
A69: Myoinositol | C69: High | D69: 179.0561 | E69: 11.841 | F69: 44572439 | G69: 5045622.8 | H69: 52185532 | I69: 7484406.2 | J69: 48378986 | K69: 1.1708027 | L69: 0.22749798 | M69: 0.54694038 | N69: 0.73964536 | O69: 0.069633603 | P69: 0.18385714 | Q69: =RANK(N69,$N$7:$N$307,0) -> 63 | R69: =RANK(O69,$O$7:$O$307,1) -> 114 | S69: =RANK(J69,$J$7:$J$307,0) -> 32 | T69: =IF(O69<0.05,"YES","no") -> no | U69: =IF(P69<0.05,"YES","no") -> no | V69: =IF(N69>1,"YES","no") -> no
A70: N-acetylaspartate | C70: High | D70: 174.04077 | E70: 9.006 | F70: 9901011.7 | G70: 5330182.3 | H70: 17441419 | I70: 5991806.4 | J70: 13671215 | K70: 1.7615795 | L70: 0.81686957 | M70: 0.58872543 | N70: 0.72782316 | O70: 0.044350517 | P70: 0.15488998 | Q70: =RANK(N70,$N$7:$N$307,0) -> 64 | R70: =RANK(O70,$O$7:$O$307,1) -> 85 | S70: =RANK(J70,$J$7:$J$307,0) -> 70 | T70: =IF(O70<0.05,"YES","no") -> YES | U70: =IF(P70<0.05,"YES","no") -> no | V70: =IF(N70>1,"YES","no") -> no
A71: ATP | C71: High | D71: 508.00291 | E71: 10.408 | F71: 2692693.2 | G71: 3416341 | H71: 899879.94 | I71: 596585.94 | J71: 1796286.6 | K71: 0.33419326 | L71: -1.5812454 | M71: 0.37173478 | N71: 0.72593645 | O71: 0.2581747 | P71: 0.42005721 | Q71: =RANK(N71,$N$7:$N$307,0) -> 65 | R71: =RANK(O71,$O$7:$O$307,1) -> 185 | S71: =RANK(J71,$J$7:$J$307,0) -> 145 | T71: =IF(O71<0.05,"YES","no") -> no | U71: =IF(P71<0.05,"YES","no") -> no | V71: =IF(N71>1,"YES","no") -> no
A72: UDP-N-Acetylgalactosamine | B72: C00043 | C72: High | D72: 606.07472 | E72: 8.878 | F72: 8805140.9 | G72: 3616147.4 | H72: 14745945 | I72: 2082704.7 | J72: 11775543 | K72: 1.6746973 | L72: 0.74390033 | M72: 0.74076946 | N72: 0.71817435 | O72: 0.0082517415 | P72: 0.080769209 | Q72: =RANK(N72,$N$7:$N$307,0) -> 66 | R72: =RANK(O72,$O$7:$O$307,1) -> 28 | S72: =RANK(J72,$J$7:$J$307,0) -> 77 | T72: =IF(O72<0.05,"YES","no") -> YES | U72: =IF(P72<0.05,"YES","no") -> no | V72: =IF(N72>1,"YES","no") -> no
A73: L-Serine | C73: High | D73: 104.03524 | E73: 11.442 | F73: 9445701.5 | G73: 2845878.1 | H73: 14884814 | I73: 1480848.9 | J73: 12165258 | K73: 1.5758294 | L73: 0.65611139 | M73: 0.7956038 | N73: 0.71799346 | O73: 0.0036557897 | P73: 0.080425433 | Q73: =RANK(N73,$N$7:$N$307,0) -> 67 | R73: =RANK(O73,$O$7:$O$307,1) -> 13 | S73: =RANK(J73,$J$7:$J$307,0) -> 76 | T73: =IF(O73<0.05,"YES","no") -> YES | U73: =IF(P73<0.05,"YES","no") -> no | V73: =IF(N73>1,"YES","no") -> no
A74: 2-Aminoadipic acid | C74: High | D74: 162.07603 | E74: 9.989 | F74: 13681240 | G74: 9098411.9 | H74: 22808573 | I74: 11253992 | J74: 18244906 | K74: 1.6671423 | L74: 0.73737724 | M74: 0.43895418 | N74: 0.70992948 | O74: 0.15473851 | P74: 0.31050861 | Q74: =RANK(N74,$N$7:$N$307,0) -> 68 | R74: =RANK(O74,$O$7:$O$307,1) -> 150 | S74: =RANK(J74,$J$7:$J$307,0) -> 55 | T74: =IF(O74<0.05,"YES","no") -> no | U74: =IF(P74<0.05,"YES","no") -> no | V74: =IF(N74>1,"YES","no") -> no
A75: Urate | C75: High | D75: 167.02115 | E75: 8.643 | F75: 12653857 | G75: 10019662 | H75: 16362531 | I75: 2580235.7 | J75: 14508194 | K75: 1.2930864 | L75: 0.3708187 | M75: 0.26752998 | N75: 0.67393978 | O75: 0.41564828 | P75: 0.56062769 | Q75: =RANK(N75,$N$7:$N$307,0) -> 69 | R75: =RANK(O75,$O$7:$O$307,1) -> 222 | S75: =RANK(J75,$J$7:$J$307,0) -> 65 | T75: =IF(O75<0.05,"YES","no") -> no | U75: =IF(P75<0.05,"YES","no") -> no | V75: =IF(N75>1,"YES","no") -> no
A76: Cytosine | C76: High | D76: 112.05047 | E76: 9.687 | F76: 6985669.2 | G76: 5764422.2 | H76: 12917805 | I76: 2514921.3 | J76: 9951737.3 | K76: 1.8491865 | L76: 0.88689077 | M76: 0.58994097 | N76: 0.63598088 | O76: 0.055016567 | P76: 0.16869535 | Q76: =RANK(N76,$N$7:$N$307,0) -> 70 | R76: =RANK(O76,$O$7:$O$307,1) -> 98 | S76: =RANK(J76,$J$7:$J$307,0) -> 82 | T76: =IF(O76<0.05,"YES","no") -> no | U76: =IF(P76<0.05,"YES","no") -> no | V76: =IF(N76>1,"YES","no") -> no
A77: Hypotaurine | B77: C00519 | C77: High | D77: 110.02696 | E77: 11.333 | F77: 11707961 | G77: 4462177.2 | H77: 19143097 | I77: 14484646 | J77: 15425529 | K77: 1.6350496 | L77: 0.7093344 | M77: 0.35520726 | N77: 0.63137475 | O77: 0.27521293 | P77: 0.43830207 | Q77: =RANK(N77,$N$7:$N$307,0) -> 71 | R77: =RANK(O77,$O$7:$O$307,1) -> 189 | S77: =RANK(J77,$J$7:$J$307,0) -> 63 | T77: =IF(O77<0.05,"YES","no") -> no | U77: =IF(P77<0.05,"YES","no") -> no | V77: =IF(N77>1,"YES","no") -> no
A78: O-Acetyl-L-serine | C78: High | D78: 128.03532 | E78: 7.876 | F78: 21232926 | G78: 9575392.2 | H78: 23823871 | I78: 3470763.5 | J78: 22528398 | K78: 1.1220248 | L78: 0.16610462 | M78: 0.19333062 | N78: 0.62922755 | O78: 0.55510726 | P78: 0.68165257 | Q78: =RANK(N78,$N$7:$N$307,0) -> 72 | R78: =RANK(O78,$O$7:$O$307,1) -> 244 | S78: =RANK(J78,$J$7:$J$307,0) -> 51 | T78: =IF(O78<0.05,"YES","no") -> no | U78: =IF(P78<0.05,"YES","no") -> no | V78: =IF(N78>1,"YES","no") -> no
A79: ADP-Ribose | C79: High | D79: 558.06456 | E79: 9.061 | F79: 6812886 | G79: 4095713.4 | H79: 12644923 | I79: 5392499.5 | J79: 9728904.4 | K79: 1.8560303 | L79: 0.89222026 | M79: 0.55496451 | N79: 0.62919561 | O79: 0.063040118 | P79: 0.17286825 | Q79: =RANK(N79,$N$7:$N$307,0) -> 73 | R79: =RANK(O79,$O$7:$O$307,1) -> 109 | S79: =RANK(J79,$J$7:$J$307,0) -> 83 | T79: =IF(O79<0.05,"YES","no") -> no | U79: =IF(P79<0.05,"YES","no") -> no | V79: =IF(N79>1,"YES","no") -> no
A80: Ribose 5-phosphate | C80: High | D80: 229.01174 | E80: 9.596 | F80: 3883554.3 | G80: 1478273.8 | H80: 7685843 | I80: 1812831.1 | J80: 5784698.6 | K80: 1.9790744 | L80: 0.98482588 | M80: 0.78307348 | N80: 0.6088339 | O80: 0.0028059236 | P80: 0.077294499 | Q80: =RANK(N80,$N$7:$N$307,0) -> 74 | R80: =RANK(O80,$O$7:$O$307,1) -> 10 | S80: =RANK(J80,$J$7:$J$307,0) -> 95 | T80: =IF(O80<0.05,"YES","no") -> YES | U80: =IF(P80<0.05,"YES","no") -> no | V80: =IF(N80>1,"YES","no") -> no
A81: Ornithine | B81: D08302 | C81: High | D81: 133.09704 | E81: 17 | F81: 14938530 | G81: 7874348.6 | H81: 22062840 | I81: 8323489.8 | J81: 18500685 | K81: 1.4769084 | L81: 0.56258037 | M81: 0.43392098 | N81: 0.59319259 | O81: 0.15881969 | P81: 0.31450479 | Q81: =RANK(N81,$N$7:$N$307,0) -> 75 | R81: =RANK(O81,$O$7:$O$307,1) -> 152 | S81: =RANK(J81,$J$7:$J$307,0) -> 54 | T81: =IF(O81<0.05,"YES","no") -> no | U81: =IF(P81<0.05,"YES","no") -> no | V81: =IF(N81>1,"YES","no") -> no
A82: Adenine | C82: High | D82: 134.04719 | E82: 7.989 | F82: 23469587 | G82: 5729138.6 | H82: 29659770 | I82: 6359440.3 | J82: 26564679 | K82: 1.2637534 | L82: 0.33771494 | M82: 0.48872438 | N82: 0.58648834 | O82: 0.10722718 | P82: 0.23907689 | Q82: =RANK(N82,$N$7:$N$307,0) -> 76 | R82: =RANK(O82,$O$7:$O$307,1) -> 135 | S82: =RANK(J82,$J$7:$J$307,0) -> 48 | T82: =IF(O82<0.05,"YES","no") -> no | U82: =IF(P82<0.05,"YES","no") -> no | V82: =IF(N82>1,"YES","no") -> no
A83: Galactonate | C83: High | D83: 195.051 | E83: 9.672 | F83: 2827371.3 | G83: 1083876.7 | H83: 5614718.7 | I83: 464295.1 | J83: 4221045 | K83: 1.9858441 | L83: 0.98975237 | M83: 0.87764594 | N83: 0.58476014 | O83: 0.00075418927 | P83: 0.063570933 | Q83: =RANK(N83,$N$7:$N$307,0) -> 77 | R83: =RANK(O83,$O$7:$O$307,1) -> 3 | S83: =RANK(J83,$J$7:$J$307,0) -> 108 | T83: =IF(O83<0.05,"YES","no") -> YES | U83: =IF(P83<0.05,"YES","no") -> no | V83: =IF(N83>1,"YES","no") -> no
A84: 1-Methylnicotinamide | B84: C02918 | C84: Medium | D84: 137.0709 | E84: 7.233 | F84: 41981481 | G84: 8085002.3 | H84: 46461184 | I84: 23946129 | J84: 44221332 | K84: 1.1067067 | L84: 0.14627289 | M84: 0.13601688 | N84: 0.5830498 | O84: 0.67905042 | P84: 0.78013045 | Q84: =RANK(N84,$N$7:$N$307,0) -> 78 | R84: =RANK(O84,$O$7:$O$307,1) -> 262 | S84: =RANK(J84,$J$7:$J$307,0) -> 36 | T84: =IF(O84<0.05,"YES","no") -> no | U84: =IF(P84<0.05,"YES","no") -> no | V84: =IF(N84>1,"YES","no") -> no
A85: L-Glutathione oxidized | C85: Medium | D85: 611.14469 | E85: 10.174 | F85: 6068610.1 | G85: 1673126.6 | H85: 10072641 | I85: 2699187.4 | J85: 8070625.6 | K85: 1.6597937 | L85: 0.73100397 | M85: 0.69870248 | N85: 0.58208777 | O85: 0.01417587 | P85: 0.084630904 | Q85: =RANK(N85,$N$7:$N$307,0) -> 79 | R85: =RANK(O85,$O$7:$O$307,1) -> 49 | S85: =RANK(J85,$J$7:$J$307,0) -> 87 | T85: =IF(O85<0.05,"YES","no") -> YES | U85: =IF(P85<0.05,"YES","no") -> no | V85: =IF(N85>1,"YES","no") -> no
A86: 6-Methylnicotinamide | C86: Medium | D86: 137.07089 | E86: 7.879 | F86: 39338649 | G86: 7207730.9 | H86: 43705577 | I86: 22268733 | J86: 41522113 | K86: 1.1110086 | L86: 0.15186998 | M86: 0.14303199 | N86: 0.57581458 | O86: 0.66365236 | P86: 0.7702391 | Q86: =RANK(N86,$N$7:$N$307,0) -> 80 | R86: =RANK(O86,$O$7:$O$307,1) -> 259 | S86: =RANK(J86,$J$7:$J$307,0) -> 38 | T86: =IF(O86<0.05,"YES","no") -> no | U86: =IF(P86<0.05,"YES","no") -> no | V86: =IF(N86>1,"YES","no") -> no
A87: 2-Hydroxyglutarate | C87: High | D87: 147.02994 | E87: 9.279 | F87: 8006592 | G87: 3031864.2 | H87: 12376479 | I87: 2689951.7 | J87: 10191536 | K87: 1.5457862 | L87: 0.62834076 | M87: 0.64099691 | N87: 0.5651299 | O87: 0.024970435 | P87: 0.11218061 | Q87: =RANK(N87,$N$7:$N$307,0) -> 81 | R87: =RANK(O87,$O$7:$O$307,1) -> 67 | S87: =RANK(J87,$J$7:$J$307,0) -> 79 | T87: =IF(O87<0.05,"YES","no") -> YES | U87: =IF(P87<0.05,"YES","no") -> no | V87: =IF(N87>1,"YES","no") -> no
A88: 3-Methyl-2-Oxovalerate | C88: Medium | D88: 129.05567 | E88: 4.632 | F88: 3546302.7 | G88: 1024422.3 | H88: 6963212 | I88: 2574872.7 | J88: 5254757.4 | K88: 1.9635132 | L88: 0.97343729 | M88: 0.69068247 | N88: 0.56172129 | O88: 0.021022972 | P88: 0.09969726 | Q88: =RANK(N88,$N$7:$N$307,0) -> 82 | R88: =RANK(O88,$O$7:$O$307,1) -> 63 | S88: =RANK(J88,$J$7:$J$307,0) -> 98 | T88: =IF(O88<0.05,"YES","no") -> YES | U88: =IF(P88<0.05,"YES","no") -> no | V88: =IF(N88>1,"YES","no") -> no
A89: Myristic Acid | C89: Medium | D89: 227.20158 | E89: 3.747 | F89: 33856507 | G89: 18916415 | H89: 40412256 | I89: 20692352 | J89: 37134382 | K89: 1.1936333 | L89: 0.25535973 | M89: 0.17822795 | N89: 0.54828572 | O89: 0.57954504 | P89: 0.69777223 | Q89: =RANK(N89,$N$7:$N$307,0) -> 83 | R89: =RANK(O89,$O$7:$O$307,1) -> 250 | S89: =RANK(J89,$J$7:$J$307,0) -> 40 | T89: =IF(O89<0.05,"YES","no") -> no | U89: =IF(P89<0.05,"YES","no") -> no | V89: =IF(N89>1,"YES","no") -> no
A90: Pyruvic acid | B90: C00022 | C90: Medium | D90: 87.00868 | E90: 6.813 | F90: 9016562.1 | G90: 7649306.8 | H90: 11478079 | I90: 5036255 | J90: 10247321 | K90: 1.2729995 | L90: 0.3482319 | M90: 0.20381996 | N90: 0.54519722 | O90: 0.52744315 | P90: 0.67055916 | Q90: =RANK(N90,$N$7:$N$307,0) -> 84 | R90: =RANK(O90,$O$7:$O$307,1) -> 236 | S90: =RANK(J90,$J$7:$J$307,0) -> 78 | T90: =IF(O90<0.05,"YES","no") -> no | U90: =IF(P90<0.05,"YES","no") -> no | V90: =IF(N90>1,"YES","no") -> no
A91: Beta-NAD | C91: High | D91: 664.11651 | E91: 9.531 | F91: 1680979.4 | G91: 1328088.6 | H91: 504283.48 | I91: 180555.59 | J91: 1092631.5 | K91: 0.29999384 | L91: -1.7369952 | M91: 0.562334 | N91: 0.54388406 | O91: 0.082236851 | P91: 0.20627743 | Q91: =RANK(N91,$N$7:$N$307,0) -> 85 | R91: =RANK(O91,$O$7:$O$307,1) -> 120 | S91: =RANK(J91,$J$7:$J$307,0) -> 168 | T91: =IF(O91<0.05,"YES","no") -> no | U91: =IF(P91<0.05,"YES","no") -> no | V91: =IF(N91>1,"YES","no") -> no
A92: 3,4-Dimethylbenzoic acid | C92: Medium | D92: 149.06073 | E92: 4.849 | F92: 12230188 | G92: 4522505.3 | H92: 17224824 | I92: 5595108.1 | J92: 14727506 | K92: 1.4083858 | L92: 0.49404261 | M92: 0.4736216 | N92: 0.54260349 | O92: 0.12120144 | P92: 0.26435967 | Q92: =RANK(N92,$N$7:$N$307,0) -> 86 | R92: =RANK(O92,$O$7:$O$307,1) -> 138 | S92: =RANK(J92,$J$7:$J$307,0) -> 64 | T92: =IF(O92<0.05,"YES","no") -> no | U92: =IF(P92<0.05,"YES","no") -> no | V92: =IF(N92>1,"YES","no") -> no
A93: Hexanoylcarnitine | C93: Medium | D93: 260.18566 | E93: 7.525 | F93: 4145059.3 | G93: 1655482.2 | H93: 2390379 | I93: 701300.31 | J93: 3267719.1 | K93: 0.5766815 | L93: -0.79415336 | M93: 0.60304671 | N93: 0.53119119 | O93: 0.049478782 | P93: 0.16337866 | Q93: =RANK(N93,$N$7:$N$307,0) -> 87 | R93: =RANK(O93,$O$7:$O$307,1) -> 91 | S93: =RANK(J93,$J$7:$J$307,0) -> 118 | T93: =IF(O93<0.05,"YES","no") -> YES | U93: =IF(P93<0.05,"YES","no") -> no | V93: =IF(N93>1,"YES","no") -> no
A94: 3-Phosphoglycerate | C94: High | D94: 184.9856 | E94: 10.471 | F94: 1685735.5 | G94: 2375523.7 | H94: 1064003.3 | I94: 652669.92 | J94: 1374869.4 | K94: 0.63118048 | L94: -0.66387551 | M94: 0.19185516 | N94: 0.52919263 | O94: 0.560123 | P94: 0.68257904 | Q94: =RANK(N94,$N$7:$N$307,0) -> 88 | R94: =RANK(O94,$O$7:$O$307,1) -> 247 | S94: =RANK(J94,$J$7:$J$307,0) -> 157 | T94: =IF(O94<0.05,"YES","no") -> no | U94: =IF(P94<0.05,"YES","no") -> no | V94: =IF(N94>1,"YES","no") -> no
A95: 1-Aminocyclopropanecarboxylate | C95: Medium | D95: 102.05488 | E95: 10.87 | F95: 3107399.8 | G95: 1356055 | H95: 6055313.1 | I95: 1589931.3 | J95: 4581356.4 | K95: 1.9486753 | L95: 0.96249369 | M95: 0.73771324 | N95: 0.52227985 | O95: 0.0063958456 | P95: 0.080769209 | Q95: =RANK(N95,$N$7:$N$307,0) -> 89 | R95: =RANK(O95,$O$7:$O$307,1) -> 20 | S95: =RANK(J95,$J$7:$J$307,0) -> 103 | T95: =IF(O95<0.05,"YES","no") -> YES | U95: =IF(P95<0.05,"YES","no") -> no | V95: =IF(N95>1,"YES","no") -> no
A96: D-(+)-Glucose | B96: D00053 | C96: High | D96: 198.09724 | E96: 10.928 | F96: 5072213.8 | G96: 1554376.9 | H96: 7198750 | I96: 1654621.7 | J96: 6135481.9 | K96: 1.4192521 | L96: 0.50513085 | M96: 0.58727237 | N96: 0.52126888 | O96: 0.044768864 | P96: 0.15488998 | Q96: =RANK(N96,$N$7:$N$307,0) -> 90 | R96: =RANK(O96,$O$7:$O$307,1) -> 87 | S96: =RANK(J96,$J$7:$J$307,0) -> 92 | T96: =IF(O96<0.05,"YES","no") -> YES | U96: =IF(P96<0.05,"YES","no") -> no | V96: =IF(N96>1,"YES","no") -> no
A97: 4-Guanidinobutanoate | C97: High | D97: 146.09241 | E97: 11.851 | F97: 18963609 | G97: 2823680.3 | H97: 24140053 | I97: 8733225.6 | J97: 21551831 | K97: 1.2729673 | L97: 0.34819531 | M97: 0.40032615 | N97: 0.51676776 | O97: 0.21610999 | P97: 0.38041037 | Q97: =RANK(N97,$N$7:$N$307,0) -> 91 | R97: =RANK(O97,$O$7:$O$307,1) -> 170 | S97: =RANK(J97,$J$7:$J$307,0) -> 52 | T97: =IF(O97<0.05,"YES","no") -> no | U97: =IF(P97<0.05,"YES","no") -> no | V97: =IF(N97>1,"YES","no") -> no
A98: dGTP | B98: C00286 | C98: High | D98: 505.98835 | E98: 10.116 | F98: 1514878.6 | G98: 1707412.3 | H98: 648784.16 | I98: 517769.67 | J98: 1081831.4 | K98: 0.42827468 | L98: -1.2233917 | M98: 0.351952 | N98: 0.51299483 | O98: 0.2799773 | P98: 0.44354299 | Q98: =RANK(N98,$N$7:$N$307,0) -> 92 | R98: =RANK(O98,$O$7:$O$307,1) -> 190 | S98: =RANK(J98,$J$7:$J$307,0) -> 170 | T98: =IF(O98<0.05,"YES","no") -> no | U98: =IF(P98<0.05,"YES","no") -> no | V98: =IF(N98>1,"YES","no") -> no
A99: Pyridoxal | C99: High | D99: 168.06543 | E99: 7.711 | F99: 990289.95 | G99: 231698.99 | H99: 3401073.4 | I99: 1490145 | J99: 2195681.7 | K99: 3.4344218 | L99: 1.7800672 | M99: 0.77798635 | N99: 0.50435132 | O99: 0.010235543 | P99: 0.080769209 | Q99: =RANK(N99,$N$7:$N$307,0) -> 93 | R99: =RANK(O99,$O$7:$O$307,1) -> 33 | S99: =RANK(J99,$J$7:$J$307,0) -> 137 | T99: =IF(O99<0.05,"YES","no") -> YES | U99: =IF(P99<0.05,"YES","no") -> no | V99: =IF(N99>1,"YES","no") -> no
A100: α-Methylhistamine | C100: Medium | D100: 126.10251 | E100: 12.961 | F100: 8765422.7 | G100: 2198729 | H100: 11303311 | I100: 6222988.9 | J100: 10034367 | K100: 1.2895341 | L100: 0.36684987 | M100: 0.2854609 | N100: 0.49993976 | O100: 0.38132322 | P100: 0.53634714 | Q100: =RANK(N100,$N$7:$N$307,0) -> 94 | R100: =RANK(O100,$O$7:$O$307,1) -> 214 | S100: =RANK(J100,$J$7:$J$307,0) -> 81 | T100: =IF(O100<0.05,"YES","no") -> no | U100: =IF(P100<0.05,"YES","no") -> no | V100: =IF(N100>1,"YES","no") -> no
A101: Cinnamyl Alcohol | C101: High | D101: 135.08032 | E101: 4.066 | F101: 26805291 | G101: 6158510 | H101: 29817593 | I101: 5472569.9 | J101: 28311442 | K101: 1.1123771 | L101: 0.15364598 | M101: 0.27249651 | N101: 0.49791285 | O101: 0.39179726 | P101: 0.54597673 | Q101: =RANK(N101,$N$7:$N$307,0) -> 95 | R101: =RANK(O101,$O$7:$O$307,1) -> 216 | S101: =RANK(J101,$J$7:$J$307,0) -> 43 | T101: =IF(O101<0.05,"YES","no") -> no | U101: =IF(P101<0.05,"YES","no") -> no | V101: =IF(N101>1,"YES","no") -> no
A102: Prolylleucine | C102: Medium | D102: 229.15467 | E102: 9.96 | F102: 2216979.4 | G102: 3345708.1 | H102: 1722413.6 | I102: 485194.8 | J102: 1969696.5 | K102: 0.77691907 | L102: -0.36416377 | M102: 0.11259567 | N102: 0.49625575 | O102: 0.73415441 | P102: 0.83075368 | Q102: =RANK(N102,$N$7:$N$307,0) -> 96 | R102: =RANK(O102,$O$7:$O$307,1) -> 266 | S102: =RANK(J102,$J$7:$J$307,0) -> 141 | T102: =IF(O102<0.05,"YES","no") -> no | U102: =IF(P102<0.05,"YES","no") -> no | V102: =IF(N102>1,"YES","no") -> no
...

Sheet BAT control vs CMVS
A1: BAT: control vs CMVS — VIP scores and p-values
A2: All 301 confidently annotated (L1/L2) metabolites, sorted by VIP descending. n = 6 control vs 5 CMVS.
A3: VIP from PLS-DA, 2 components, Pareto scaling, no log transform. p-value = Welch t-test (unequal variances). FDR = Benjamini-Hochberg across all 301 metabolites. Sample BAT_Aq_CMVS6 excluded as a multivariate outlier.
A4: VIP > 1 means an above-average contribution to the model; it is NOT a significance test and carries no error control.
A6: Metabolite | B6: KEGG ID | C6: Annotation confidence | D6: m/z | E6: RT (min) | F6: Mean peak area (control) | G6: SD (control) | H6: Mean peak area (CMVS) | I6: SD (CMVS) | J6: Mean peak area (all) | K6: Fold change | L6: log2 fold change | M6: |r| with group | N6: VIP score | O6: p-value (Welch) | P6: FDR q-value (BH) | Q6: VIP rank | R6: p-value rank | S6: Peak area rank | T6: Significant (p<0.05) | U6: Passes FDR<0.05 | V6: VIP > 1
A7: Betaine | C7: High | D7: 118.08616 | E7: 10.135 | F7: 1.6013639e+09 | G7: 98521385 | H7: 2.2767063e+09 | I7: 2.1430499e+08 | J7: 1.9083377e+09 | K7: 1.4217295 | L7: 0.50764702 | M7: 0.91796989 | N7: 8.2182722 | O7: 0.0009602154 | P7: 0.14718021 | Q7: =RANK(N7,$N$7:$N$307,0) -> 1 | R7: =RANK(O7,$O$7:$O$307,1) -> 1 | S7: =RANK(J7,$J$7:$J$307,0) -> 4 | T7: =IF(O7<0.05,"YES","no") -> YES | U7: =IF(P7<0.05,"YES","no") -> no | V7: =IF(N7>1,"YES","no") -> YES
A8: Creatine | B8: C00300 | C8: High | D8: 132.07663 | E8: 11.358 | F8: 3.4370523e+09 | G8: 8.4746457e+08 | H8: 2.9009166e+09 | I8: 3.3843656e+08 | J8: 3.1933542e+09 | K8: 0.84401292 | L8: -0.24466301 | M8: 0.40274256 | N8: 4.7840786 | O8: 0.19995314 | P8: 0.54579327 | Q8: =RANK(N8,$N$7:$N$307,0) -> 2 | R8: =RANK(O8,$O$7:$O$307,1) -> 107 | S8: =RANK(J8,$J$7:$J$307,0) -> 2 | T8: =IF(O8<0.05,"YES","no") -> no | U8: =IF(P8<0.05,"YES","no") -> no | V8: =IF(N8>1,"YES","no") -> YES
A9: L-Carnitine | B9: C00318 | C9: High | D9: 162.11233 | E9: 11.266 | F9: 7.3450876e+09 | G9: 1.0927004e+09 | H9: 6.6458806e+09 | I9: 1.5448571e+09 | J9: 7.0272663e+09 | K9: 0.90480617 | L9: -0.14431932 | M9: 0.28130323 | N9: 4.6214596 | O9: 0.42313391 | P9: 0.66582089 | Q9: =RANK(N9,$N$7:$N$307,0) -> 3 | R9: =RANK(O9,$O$7:$O$307,1) -> 190 | S9: =RANK(J9,$J$7:$J$307,0) -> 1 | T9: =IF(O9<0.05,"YES","no") -> no | U9: =IF(P9<0.05,"YES","no") -> no | V9: =IF(N9>1,"YES","no") -> YES
A10: DELTA-VALEROBETAINE | C10: Medium | D10: 160.13315 | E10: 12.211 | F10: 5.6063015e+08 | G10: 76103341 | H10: 8.3884985e+08 | I10: 2.1257389e+08 | J10: 6.8709365e+08 | K10: 1.4962625 | L10: 0.58136326 | M10: 0.70828084 | N10: 4.5698274 | O10: 0.040083048 | P10: 0.40216658 | Q10: =RANK(N10,$N$7:$N$307,0) -> 4 | R10: =RANK(O10,$O$7:$O$307,1) -> 30 | S10: =RANK(J10,$J$7:$J$307,0) -> 8 | T10: =IF(O10<0.05,"YES","no") -> YES | U10: =IF(P10<0.05,"YES","no") -> no | V10: =IF(N10>1,"YES","no") -> YES
A11: Glycerophosphocholine | C11: Medium | D11: 258.11003 | E11: 11.271 | F11: 6.0860635e+08 | G11: 1.3137991e+08 | H11: 3.8231895e+08 | I11: 65218992 | J11: 5.0574844e+08 | K11: 0.62818757 | L11: -0.67073269 | M11: 0.75813787 | N11: 4.447473 | O11: 0.0066066263 | P11: 0.19573647 | Q11: =RANK(N11,$N$7:$N$307,0) -> 5 | R11: =RANK(O11,$O$7:$O$307,1) -> 10 | S11: =RANK(J11,$J$7:$J$307,0) -> 9 | T11: =IF(O11<0.05,"YES","no") -> YES | U11: =IF(P11<0.05,"YES","no") -> no | V11: =IF(N11>1,"YES","no") -> YES
A12: O-Acetyl-L-carnitine | C12: High | D12: 204.12298 | E12: 10.121 | F12: 2.2298897e+09 | G12: 9.5094187e+08 | H12: 2.3419471e+09 | I12: 1.1632366e+09 | J12: 2.2808249e+09 | K12: 1.0502524 | L12: 0.070736093 | M12: 0.058613372 | N12: 4.2150265 | O12: 0.86735237 | P12: 0.91785702 | Q12: =RANK(N12,$N$7:$N$307,0) -> 6 | R12: =RANK(O12,$O$7:$O$307,1) -> 284 | S12: =RANK(J12,$J$7:$J$307,0) -> 3 | T12: =IF(O12<0.05,"YES","no") -> no | U12: =IF(P12<0.05,"YES","no") -> no | V12: =IF(N12>1,"YES","no") -> YES
A13: Taurine | B13: D00047 | C13: High | D13: 126.0218 | E13: 10.855 | F13: 8.6581155e+08 | G13: 1.5769059e+08 | H13: 1.0612794e+09 | I13: 1.4247296e+08 | J13: 9.5466057e+08 | K13: 1.2257626 | L13: 0.29367955 | M13: 0.58002802 | N13: 3.4665827 | O13: 0.059561572 | P13: 0.47339377 | Q13: =RANK(N13,$N$7:$N$307,0) -> 7 | R13: =RANK(O13,$O$7:$O$307,1) -> 36 | S13: =RANK(J13,$J$7:$J$307,0) -> 5 | T13: =IF(O13<0.05,"YES","no") -> no | U13: =IF(P13<0.05,"YES","no") -> no | V13: =IF(N13>1,"YES","no") -> YES
A14: Niacinamide | C14: High | D14: 123.05518 | E14: 6.893 | F14: 6.4653075e+08 | G14: 49672714 | H14: 7.7290274e+08 | I14: 54990245 | J14: 7.0397256e+08 | K14: 1.1954617 | L14: 0.25756789 | M14: 0.80039202 | N14: 3.3234163 | O14: 0.0039107318 | P14: 0.14718021 | Q14: =RANK(N14,$N$7:$N$307,0) -> 8 | R14: =RANK(O14,$O$7:$O$307,1) -> 7 | S14: =RANK(J14,$J$7:$J$307,0) -> 7 | T14: =IF(O14<0.05,"YES","no") -> YES | U14: =IF(P14<0.05,"YES","no") -> no | V14: =IF(N14>1,"YES","no") -> YES
A15: Glutamate | C15: High | D15: 148.06035 | E15: 9.8 | F15: 2.3600019e+08 | G15: 61126821 | H15: 3.5276652e+08 | I15: 1.03615e+08 | J15: 2.8907579e+08 | K15: 1.4947722 | L15: 0.57992564 | M15: 0.61344899 | N15: 2.7791424 | O15: 0.066640929 | P15: 0.47339377 | Q15: =RANK(N15,$N$7:$N$307,0) -> 9 | R15: =RANK(O15,$O$7:$O$307,1) -> 40 | S15: =RANK(J15,$J$7:$J$307,0) -> 15 | T15: =IF(O15<0.05,"YES","no") -> no | U15: =IF(P15<0.05,"YES","no") -> no | V15: =IF(N15>1,"YES","no") -> YES
A16: Deoxycarnitine | C16: High | D16: 146.11753 | E16: 11.962 | F16: 1.6805592e+08 | G16: 33151408 | H16: 2.4945779e+08 | I16: 31299106 | J16: 2.0505677e+08 | K16: 1.4843737 | L16: 0.56985435 | M16: 0.81086555 | N16: 2.6752689 | O16: 0.0024852722 | P16: 0.14718021 | Q16: =RANK(N16,$N$7:$N$307,0) -> 10 | R16: =RANK(O16,$O$7:$O$307,1) -> 4 | S16: =RANK(J16,$J$7:$J$307,0) -> 18 | T16: =IF(O16<0.05,"YES","no") -> YES | U16: =IF(P16<0.05,"YES","no") -> no | V16: =IF(N16>1,"YES","no") -> YES
A17: Adenosine | C17: High | D17: 268.104 | E17: 8.014 | F17: 1.5027716e+08 | G17: 32317167 | H17: 2.2588904e+08 | I17: 54515495 | J17: 1.846462e+08 | K17: 1.5031495 | L17: 0.58798853 | M17: 0.69050557 | N17: 2.366771 | O17: 0.03288087 | P17: 0.38914714 | Q17: =RANK(N17,$N$7:$N$307,0) -> 11 | R17: =RANK(O17,$O$7:$O$307,1) -> 24 | S17: =RANK(J17,$J$7:$J$307,0) -> 20 | T17: =IF(O17<0.05,"YES","no") -> YES | U17: =IF(P17<0.05,"YES","no") -> no | V17: =IF(N17>1,"YES","no") -> YES
A18: Lactic Acid | B18: D02111 | C18: Medium | D18: 89.02433 | E18: 7.221 | F18: 8.2984048e+08 | G18: 2.2728921e+08 | H18: 9.4047228e+08 | I18: 2.1863341e+08 | J18: 8.8012767e+08 | K18: 1.133317 | L18: 0.18055139 | M18: 0.26291944 | N18: 2.1950108 | O18: 0.43355779 | P18: 0.66582089 | Q18: =RANK(N18,$N$7:$N$307,0) -> 12 | R18: =RANK(O18,$O$7:$O$307,1) -> 196 | S18: =RANK(J18,$J$7:$J$307,0) -> 6 | T18: =IF(O18<0.05,"YES","no") -> no | U18: =IF(P18<0.05,"YES","no") -> no | V18: =IF(N18>1,"YES","no") -> YES
A19: Malate | C19: High | D19: 133.01415 | E19: 10.102 | F19: 2.6478539e+08 | G19: 1.1179083e+08 | H19: 2.0166939e+08 | I19: 1.3637928e+08 | J19: 2.360963e+08 | K19: 0.76163338 | L19: -0.39283139 | M19: 0.27117115 | N19: 2.075903 | O19: 0.43203062 | P19: 0.66582089 | Q19: =RANK(N19,$N$7:$N$307,0) -> 13 | R19: =RANK(O19,$O$7:$O$307,1) -> 193 | S19: =RANK(J19,$J$7:$J$307,0) -> 17 | T19: =IF(O19<0.05,"YES","no") -> no | U19: =IF(P19<0.05,"YES","no") -> no | V19: =IF(N19>1,"YES","no") -> YES
A20: Choline | C20: Medium | D20: 104.10686 | E20: 8.911 | F20: 4.9673945e+08 | G20: 1.9322909e+08 | H20: 3.9333218e+08 | I20: 1.9661186e+08 | J20: 4.4973614e+08 | K20: 0.79182796 | L20: -0.33674108 | M20: 0.28056646 | N20: 1.9671439 | O20: 0.40519638 | P20: 0.65221449 | Q20: =RANK(N20,$N$7:$N$307,0) -> 14 | R20: =RANK(O20,$O$7:$O$307,1) -> 187 | S20: =RANK(J20,$J$7:$J$307,0) -> 10 | T20: =IF(O20<0.05,"YES","no") -> no | U20: =IF(P20<0.05,"YES","no") -> no | V20: =IF(N20>1,"YES","no") -> YES
A21: 1-Palmitoyl-sn-glycero-3-Phosphocholine | C21: Medium | D21: 496.33971 | E21: 4.961 | F21: 1.8257648e+08 | G21: 66188937 | H21: 1.278154e+08 | I21: 22086611 | J21: 1.5768508e+08 | K21: 0.700065 | L21: -0.51443922 | M21: 0.50527337 | N21: 1.9076385 | O21: 0.10346394 | P21: 0.49609441 | Q21: =RANK(N21,$N$7:$N$307,0) -> 15 | R21: =RANK(O21,$O$7:$O$307,1) -> 62 | S21: =RANK(J21,$J$7:$J$307,0) -> 21 | T21: =IF(O21<0.05,"YES","no") -> no | U21: =IF(P21<0.05,"YES","no") -> no | V21: =IF(N21>1,"YES","no") -> YES
A22: AMP | C22: High | D22: 348.07036 | E22: 9.071 | F22: 2.6907483e+08 | G22: 37852083 | H22: 3.2427792e+08 | I22: 94615362 | J22: 2.9416714e+08 | K22: 1.2051589 | L22: 0.26922339 | M22: 0.40256882 | N22: 1.7848861 | O22: 0.27430124 | P22: 0.58974767 | Q22: =RANK(N22,$N$7:$N$307,0) -> 16 | R22: =RANK(O22,$O$7:$O$307,1) -> 140 | S22: =RANK(J22,$J$7:$J$307,0) -> 14 | T22: =IF(O22<0.05,"YES","no") -> no | U22: =IF(P22<0.05,"YES","no") -> no | V22: =IF(N22>1,"YES","no") -> YES
A23: L-Proline | C23: High | D23: 116.07051 | E23: 10.722 | F23: 3.6506777e+08 | G23: 90757280 | H23: 4.306073e+08 | I23: 65860301 | J23: 3.9485847e+08 | K23: 1.179527 | L23: 0.23820844 | M23: 0.40836246 | N23: 1.7641067 | O23: 0.19994261 | P23: 0.54579327 | Q23: =RANK(N23,$N$7:$N$307,0) -> 17 | R23: =RANK(O23,$O$7:$O$307,1) -> 106 | S23: =RANK(J23,$J$7:$J$307,0) -> 12 | T23: =IF(O23<0.05,"YES","no") -> no | U23: =IF(P23<0.05,"YES","no") -> no | V23: =IF(N23>1,"YES","no") -> YES
A24: Glycerol 3-Phosphate | C24: High | D24: 171.00639 | E24: 9.574 | F24: 74705719 | G24: 55240318 | H24: 1.296289e+08 | I24: 75625004 | J24: 99670802 | K24: 1.7351938 | L24: 0.7950968 | M24: 0.42125355 | N24: 1.7003683 | O24: 0.21752767 | P24: 0.54579327 | Q24: =RANK(N24,$N$7:$N$307,0) -> 18 | R24: =RANK(O24,$O$7:$O$307,1) -> 119 | S24: =RANK(J24,$J$7:$J$307,0) -> 28 | T24: =IF(O24<0.05,"YES","no") -> no | U24: =IF(P24<0.05,"YES","no") -> no | V24: =IF(N24>1,"YES","no") -> YES
A25: Glutathione Reduced | B25: C02471 | C25: High | D25: 308.09115 | E25: 9.381 | F25: 89683688 | G25: 19533518 | H25: 1.3269139e+08 | I25: 51749353 | J25: 1.0923264e+08 | K25: 1.4795487 | L25: 0.56515719 | M25: 0.53439474 | N25: 1.5711535 | O25: 0.13985343 | P25: 0.51387861 | Q25: =RANK(N25,$N$7:$N$307,0) -> 19 | R25: =RANK(O25,$O$7:$O$307,1) -> 81 | S25: =RANK(J25,$J$7:$J$307,0) -> 27 | T25: =IF(O25<0.05,"YES","no") -> no | U25: =IF(P25<0.05,"YES","no") -> no | V25: =IF(N25>1,"YES","no") -> YES
A26: Trimethylamine N-Oxide | C26: High | D26: 76.07564 | E26: 12.042 | F26: 24415264 | G26: 10740949 | H26: 51583034 | I26: 11557253 | J26: 36764251 | K26: 2.112737 | L26: 1.0791132 | M26: 0.80270639 | N26: 1.5423201 | O26: 0.0035656823 | P26: 0.14718021 | Q26: =RANK(N26,$N$7:$N$307,0) -> 20 | R26: =RANK(O26,$O$7:$O$307,1) -> 6 | S26: =RANK(J26,$J$7:$J$307,0) -> 52 | T26: =IF(O26<0.05,"YES","no") -> YES | U26: =IF(P26<0.05,"YES","no") -> no | V26: =IF(N26>1,"YES","no") -> YES
A27: L-Arginine | B27: C02385 | C27: High | D27: 175.11886 | E27: 18.84 | F27: 69884679 | G27: 21782184 | H27: 1.0398517e+08 | I27: 23859948 | J27: 85384901 | K27: 1.4879537 | L27: 0.57332966 | M27: 0.63679054 | N27: 1.5290336 | O27: 0.038629665 | P27: 0.40094928 | Q27: =RANK(N27,$N$7:$N$307,0) -> 21 | R27: =RANK(O27,$O$7:$O$307,1) -> 29 | S27: =RANK(J27,$J$7:$J$307,0) -> 32 | T27: =IF(O27<0.05,"YES","no") -> YES | U27: =IF(P27<0.05,"YES","no") -> no | V27: =IF(N27>1,"YES","no") -> YES
A28: Maltotetraose | C28: High | D28: 665.215 | E28: 11.713 | F28: 7899828.6 | G28: 8628621.3 | H28: 43583947 | I28: 43112153 | J28: 24119882 | K28: 5.517075 | L28: 2.4639036 | M28: 0.55486936 | N28: 1.5103527 | O28: 0.13825929 | P28: 0.51387861 | Q28: =RANK(N28,$N$7:$N$307,0) -> 22 | R28: =RANK(O28,$O$7:$O$307,1) -> 80 | S28: =RANK(J28,$J$7:$J$307,0) -> 70 | T28: =IF(O28<0.05,"YES","no") -> no | U28: =IF(P28<0.05,"YES","no") -> no | V28: =IF(N28>1,"YES","no") -> YES
A29: N-Acetylglutamate | C29: High | D29: 188.05646 | E29: 8.846 | F29: 14023712 | G29: 5398474.1 | H29: 38536621 | I29: 16669647 | J29: 25165944 | K29: 2.7479615 | L29: 1.4583618 | M29: 0.75224632 | N29: 1.4008465 | O29: 0.027523985 | P29: 0.37657816 | Q29: =RANK(N29,$N$7:$N$307,0) -> 23 | R29: =RANK(O29,$O$7:$O$307,1) -> 22 | S29: =RANK(J29,$J$7:$J$307,0) -> 69 | T29: =IF(O29<0.05,"YES","no") -> YES | U29: =IF(P29<0.05,"YES","no") -> no | V29: =IF(N29>1,"YES","no") -> YES
A30: Propionylcarnitine | B30: C03017 | C30: Medium | D30: 218.13866 | E30: 9.458 | F30: 2.6317393e+08 | G30: 1.3418639e+08 | H30: 3.0256215e+08 | I30: 92670155 | J30: 2.8107766e+08 | K30: 1.1496661 | L30: 0.20121497 | M30: 0.18138013 | N30: 1.2809341 | O30: 0.58077305 | P30: 0.76672231 | Q30: =RANK(N30,$N$7:$N$307,0) -> 24 | R30: =RANK(O30,$O$7:$O$307,1) -> 228 | S30: =RANK(J30,$J$7:$J$307,0) -> 16 | T30: =IF(O30<0.05,"YES","no") -> no | U30: =IF(P30<0.05,"YES","no") -> no | V30: =IF(N30>1,"YES","no") -> YES
A31: Galactose 1-phosphate | B31: C00103 | C31: High | D31: 259.02216 | E31: 10.206 | F31: 27695332 | G31: 13088079 | H31: 55080461 | I31: 44883716 | J31: 40143118 | K31: 1.9887994 | L31: 0.99189778 | M31: 0.43199037 | N31: 1.2778393 | O31: 0.24959081 | P31: 0.5853066 | Q31: =RANK(N31,$N$7:$N$307,0) -> 25 | R31: =RANK(O31,$O$7:$O$307,1) -> 128 | S31: =RANK(J31,$J$7:$J$307,0) -> 49 | T31: =IF(O31<0.05,"YES","no") -> no | U31: =IF(P31<0.05,"YES","no") -> no | V31: =IF(N31>1,"YES","no") -> YES
A32: ADP-Ribose | C32: High | D32: 558.06456 | E32: 9.061 | F32: 81600092 | G32: 21096383 | H32: 1.094183e+08 | I32: 38502717 | J32: 94244734 | K32: 1.3409091 | L32: 0.42321141 | M32: 0.45341999 | N32: 1.264182 | O32: 0.19898444 | P32: 0.54579327 | Q32: =RANK(N32,$N$7:$N$307,0) -> 26 | R32: =RANK(O32,$O$7:$O$307,1) -> 105 | S32: =RANK(J32,$J$7:$J$307,0) -> 29 | T32: =IF(O32<0.05,"YES","no") -> no | U32: =IF(P32<0.05,"YES","no") -> no | V32: =IF(N32>1,"YES","no") -> YES
A33: Phenylalanine | C33: High | D33: 166.08629 | E33: 8.757 | F33: 54632903 | G33: 13027139 | H33: 75214019 | I33: 20135056 | J33: 63987956 | K33: 1.3767165 | L33: 0.46123151 | M33: 0.56448571 | N33: 1.1557865 | O33: 0.092043988 | P33: 0.48686308 | Q33: =RANK(N33,$N$7:$N$307,0) -> 27 | R33: =RANK(O33,$O$7:$O$307,1) -> 56 | S33: =RANK(J33,$J$7:$J$307,0) -> 38 | T33: =IF(O33<0.05,"YES","no") -> no | U33: =IF(P33<0.05,"YES","no") -> no | V33: =IF(N33>1,"YES","no") -> YES
A34: Glucose 6-Phosphate | C34: High | D34: 259.02211 | E34: 10.095 | F34: 24720872 | G34: 9695298.3 | H34: 46161019 | I34: 36422703 | J34: 34466393 | K34: 1.8672893 | L34: 0.90094546 | M34: 0.42228989 | N34: 1.1269459 | O34: 0.26320137 | P34: 0.58974767 | Q34: =RANK(N34,$N$7:$N$307,0) -> 28 | R34: =RANK(O34,$O$7:$O$307,1) -> 133 | S34: =RANK(J34,$J$7:$J$307,0) -> 58 | T34: =IF(O34<0.05,"YES","no") -> no | U34: =IF(P34<0.05,"YES","no") -> no | V34: =IF(N34>1,"YES","no") -> YES
A35: Inosine | C35: High | D35: 269.08805 | E35: 8.957 | F35: 14264162 | G35: 6811101.9 | H35: 32561129 | I35: 21132470 | J35: 22580965 | K35: 2.2827229 | L35: 1.1907557 | M35: 0.55810023 | N35: 1.1153209 | O35: 0.12617491 | P35: 0.51387861 | Q35: =RANK(N35,$N$7:$N$307,0) -> 29 | R35: =RANK(O35,$O$7:$O$307,1) -> 69 | S35: =RANK(J35,$J$7:$J$307,0) -> 71 | T35: =IF(O35<0.05,"YES","no") -> no | U35: =IF(P35<0.05,"YES","no") -> no | V35: =IF(N35>1,"YES","no") -> YES
A36: Ergothioneine | C36: High | D36: 230.09567 | E36: 11.253 | F36: 69723076 | G36: 9809647.3 | H36: 52428399 | I36: 11632759 | J36: 61861859 | K36: 0.75195189 | L36: -0.41128774 | M36: 0.66616759 | N36: 1.1068831 | O36: 0.030236658 | P36: 0.38914714 | Q36: =RANK(N36,$N$7:$N$307,0) -> 30 | R36: =RANK(O36,$O$7:$O$307,1) -> 23 | S36: =RANK(J36,$J$7:$J$307,0) -> 39 | T36: =IF(O36<0.05,"YES","no") -> YES | U36: =IF(P36<0.05,"YES","no") -> no | V36: =IF(N36>1,"YES","no") -> YES
A37: Myoinositol | C37: High | D37: 179.0561 | E37: 11.841 | F37: 74148098 | G37: 7680258.3 | H37: 60374226 | I37: 6408120.1 | J37: 67887247 | K37: 0.81423837 | L37: -0.29647689 | M37: 0.72788186 | N37: 1.0714067 | O37: 0.010122877 | P37: 0.23438355 | Q37: =RANK(N37,$N$7:$N$307,0) -> 31 | R37: =RANK(O37,$O$7:$O$307,1) -> 13 | S37: =RANK(J37,$J$7:$J$307,0) -> 35 | T37: =IF(O37<0.05,"YES","no") -> YES | U37: =IF(P37<0.05,"YES","no") -> no | V37: =IF(N37>1,"YES","no") -> YES
A38: Raffinose | C38: Medium | D38: 522.20298 | E38: 11.479 | F38: 7572275.6 | G38: 7423496 | H38: 25396103 | I38: 21125186 | J38: 15674015 | K38: 3.3538271 | L38: 1.7458083 | M38: 0.54406337 | N38: 1.0704209 | O38: 0.13448259 | P38: 0.51387861 | Q38: =RANK(N38,$N$7:$N$307,0) -> 32 | R38: =RANK(O38,$O$7:$O$307,1) -> 75 | S38: =RANK(J38,$J$7:$J$307,0) -> 86 | T38: =IF(O38<0.05,"YES","no") -> no | U38: =IF(P38<0.05,"YES","no") -> no | V38: =IF(N38>1,"YES","no") -> YES
A39: Beta-NAD | C39: High | D39: 664.11651 | E39: 9.531 | F39: 40663557 | G39: 20248062 | H39: 20673265 | I39: 12289449 | J39: 31577061 | K39: 0.50839785 | L39: -0.97597016 | M39: 0.53953763 | N39: 1.0696923 | O39: 0.077295122 | P39: 0.48352202 | Q39: =RANK(N39,$N$7:$N$307,0) -> 33 | R39: =RANK(O39,$O$7:$O$307,1) -> 47 | S39: =RANK(J39,$J$7:$J$307,0) -> 61 | T39: =IF(O39<0.05,"YES","no") -> no | U39: =IF(P39<0.05,"YES","no") -> no | V39: =IF(N39>1,"YES","no") -> YES
A40: L-Glutathione oxidized | C40: Medium | D40: 611.14469 | E40: 10.174 | F40: 40267314 | G40: 10729977 | H40: 55903799 | I40: 7556098.2 | J40: 47374807 | K40: 1.3883171 | L40: 0.4733371 | M40: 0.6733147 | N40: 1.0564147 | O40: 0.020235809 | P40: 0.35409134 | Q40: =RANK(N40,$N$7:$N$307,0) -> 34 | R40: =RANK(O40,$O$7:$O$307,1) -> 17 | S40: =RANK(J40,$J$7:$J$307,0) -> 44 | T40: =IF(O40<0.05,"YES","no") -> YES | U40: =IF(P40<0.05,"YES","no") -> no | V40: =IF(N40>1,"YES","no") -> YES
A41: dGTP | B41: C00286 | C41: High | D41: 505.98835 | E41: 10.116 | F41: 71212169 | G41: 27744875 | H41: 46963098 | I41: 38086198 | J41: 60189864 | K41: 0.65948136 | L41: -0.60059621 | M41: 0.37747686 | N41: 1.0535833 | O41: 0.27350088 | P41: 0.58974767 | Q41: =RANK(N41,$N$7:$N$307,0) -> 35 | R41: =RANK(O41,$O$7:$O$307,1) -> 139 | S41: =RANK(J41,$J$7:$J$307,0) -> 40 | T41: =IF(O41<0.05,"YES","no") -> no | U41: =IF(P41<0.05,"YES","no") -> no | V41: =IF(N41>1,"YES","no") -> YES
A42: Methionine | B42: D00019 | C42: High | D42: 150.05829 | E42: 9.553 | F42: 82070427 | G42: 34061797 | H42: 1.0602208e+08 | I42: 24635323 | J42: 92957540 | K42: 1.2918426 | L42: 0.36943035 | M42: 0.39970275 | N42: 1.0523892 | O42: 0.2104141 | P42: 0.54579327 | Q42: =RANK(N42,$N$7:$N$307,0) -> 36 | R42: =RANK(O42,$O$7:$O$307,1) -> 112 | S42: =RANK(J42,$J$7:$J$307,0) -> 31 | T42: =IF(O42<0.05,"YES","no") -> no | U42: =IF(P42<0.05,"YES","no") -> no | V42: =IF(N42>1,"YES","no") -> YES
A43: Glutamine | C43: High | D43: 147.07637 | E43: 11.11 | F43: 3.8600151e+08 | G43: 49532539 | H43: 4.1792123e+08 | I43: 71661131 | J43: 4.0051047e+08 | K43: 1.0826933 | L43: 0.11462457 | M43: 0.27943159 | N43: 0.99225366 | O43: 0.42767361 | P43: 0.66582089 | Q43: =RANK(N43,$N$7:$N$307,0) -> 37 | R43: =RANK(O43,$O$7:$O$307,1) -> 192 | S43: =RANK(J43,$J$7:$J$307,0) -> 11 | T43: =IF(O43<0.05,"YES","no") -> no | U43: =IF(P43<0.05,"YES","no") -> no | V43: =IF(N43>1,"YES","no") -> no
A44: Nicotinamide | B44: D00036 | C44: Medium | D44: 123.05519 | E44: 7.786 | F44: 38281477 | G44: 8931608.9 | H44: 51880689 | I44: 16248740 | J44: 44462937 | K44: 1.3552426 | L44: 0.43855114 | M44: 0.50736905 | N44: 0.98908827 | O44: 0.14570619 | P44: 0.52211385 | Q44: =RANK(N44,$N$7:$N$307,0) -> 38 | R44: =RANK(O44,$O$7:$O$307,1) -> 84 | S44: =RANK(J44,$J$7:$J$307,0) -> 45 | T44: =IF(O44<0.05,"YES","no") -> no | U44: =IF(P44<0.05,"YES","no") -> no | V44: =IF(N44>1,"YES","no") -> no
A45: Stachydrine | C45: High | D45: 144.10188 | E45: 10.062 | F45: 1.8440236e+08 | G45: 34448232 | H45: 2.0749716e+08 | I45: 33920151 | J45: 1.949e+08 | K45: 1.1252413 | L45: 0.17023446 | M45: 0.34830719 | N45: 0.9725589 | O45: 0.29412981 | P45: 0.61057291 | Q45: =RANK(N45,$N$7:$N$307,0) -> 39 | R45: =RANK(O45,$O$7:$O$307,1) -> 145 | S45: =RANK(J45,$J$7:$J$307,0) -> 19 | T45: =IF(O45<0.05,"YES","no") -> no | U45: =IF(P45<0.05,"YES","no") -> no | V45: =IF(N45>1,"YES","no") -> no
A46: 2-Aminoadipic acid | C46: High | D46: 162.07603 | E46: 9.989 | F46: 27732069 | G46: 9518949.9 | H46: 41520881 | I46: 12795985 | J46: 33999711 | K46: 1.4972154 | L46: 0.58228182 | M46: 0.56462309 | N46: 0.93013379 | O46: 0.084787477 | P46: 0.48352202 | Q46: =RANK(N46,$N$7:$N$307,0) -> 40 | R46: =RANK(O46,$O$7:$O$307,1) -> 50 | S46: =RANK(J46,$J$7:$J$307,0) -> 59 | T46: =IF(O46<0.05,"YES","no") -> no | U46: =IF(P46<0.05,"YES","no") -> no | V46: =IF(N46>1,"YES","no") -> no
A47: Linoleic acid | B47: D01928 | C47: Medium | D47: 279.23253 | E47: 3.685 | F47: 1.0162116e+08 | G47: 64048170 | H47: 84623634 | I47: 61422124 | J47: 93895014 | K47: 0.83273632 | L47: -0.26406835 | M47: 0.1471506 | N47: 0.92001754 | O47: 0.66487441 | P47: 0.82356872 | Q47: =RANK(N47,$N$7:$N$307,0) -> 41 | R47: =RANK(O47,$O$7:$O$307,1) -> 243 | S47: =RANK(J47,$J$7:$J$307,0) -> 30 | T47: =IF(O47<0.05,"YES","no") -> no | U47: =IF(P47<0.05,"YES","no") -> no | V47: =IF(N47>1,"YES","no") -> no
A48: Adenine | C48: High | D48: 134.04719 | E48: 7.989 | F48: 29590362 | G48: 5042860.6 | H48: 40603726 | I48: 7146057.4 | J48: 34596437 | K48: 1.3721943 | L48: 0.45648477 | M48: 0.70677866 | N48: 0.90974175 | O48: 0.022940985 | P48: 0.35409134 | Q48: =RANK(N48,$N$7:$N$307,0) -> 42 | R48: =RANK(O48,$O$7:$O$307,1) -> 18 | S48: =RANK(J48,$J$7:$J$307,0) -> 56 | T48: =IF(O48<0.05,"YES","no") -> YES | U48: =IF(P48<0.05,"YES","no") -> no | V48: =IF(N48>1,"YES","no") -> no
A49: IMP | C49: High | D49: 349.05452 | E49: 9.655 | F49: 56953337 | G49: 46166172 | H49: 81194631 | I49: 39417604 | J49: 67972107 | K49: 1.4256343 | L49: 0.51160397 | M49: 0.29453507 | N49: 0.88113907 | O49: 0.37212159 | P49: 0.62926179 | Q49: =RANK(N49,$N$7:$N$307,0) -> 43 | R49: =RANK(O49,$O$7:$O$307,1) -> 178 | S49: =RANK(J49,$J$7:$J$307,0) -> 34 | T49: =IF(O49<0.05,"YES","no") -> no | U49: =IF(P49<0.05,"YES","no") -> no | V49: =IF(N49>1,"YES","no") -> no
A50: Ethyl acetoacetate | C50: Medium | D50: 103.03887 | E50: 11.251 | F50: 38801602 | G50: 5699387.9 | H50: 48269351 | I50: 2572205.1 | J50: 43105124 | K50: 1.2440041 | L50: 0.31499121 | M50: 0.75109104 | N50: 0.88015813 | O50: 0.0078034472 | P50: 0.19573647 | Q50: =RANK(N50,$N$7:$N$307,0) -> 44 | R50: =RANK(O50,$O$7:$O$307,1) -> 12 | S50: =RANK(J50,$J$7:$J$307,0) -> 46 | T50: =IF(O50<0.05,"YES","no") -> YES | U50: =IF(P50<0.05,"YES","no") -> no | V50: =IF(N50>1,"YES","no") -> no
A51: Cytosine | C51: High | D51: 112.05047 | E51: 9.687 | F51: 9916370.2 | G51: 2240651.2 | H51: 19560064 | I51: 7128192.2 | J51: 14299868 | K51: 1.9725024 | L51: 0.98002707 | M51: 0.72542183 | N51: 0.874171 | O51: 0.036410146 | P51: 0.39140906 | Q51: =RANK(N51,$N$7:$N$307,0) -> 45 | R51: =RANK(O51,$O$7:$O$307,1) -> 28 | S51: =RANK(J51,$J$7:$J$307,0) -> 91 | T51: =IF(O51<0.05,"YES","no") -> YES | U51: =IF(P51<0.05,"YES","no") -> no | V51: =IF(N51>1,"YES","no") -> no
A52: Phosphorylcholine | C52: High | D52: 184.07327 | E52: 11.86 | F52: 56305242 | G52: 40441006 | H52: 76270122 | I52: 28409380 | J52: 65380187 | K52: 1.354583 | L52: 0.43784878 | M52: 0.29498547 | N52: 0.86218867 | O52: 0.36344007 | P52: 0.62511692 | Q52: =RANK(N52,$N$7:$N$307,0) -> 46 | R52: =RANK(O52,$O$7:$O$307,1) -> 175 | S52: =RANK(J52,$J$7:$J$307,0) -> 36 | T52: =IF(O52<0.05,"YES","no") -> no | U52: =IF(P52<0.05,"YES","no") -> no | V52: =IF(N52>1,"YES","no") -> no
A53: Oleic acid | B53: D02315 | C53: Medium | D53: 281.24811 | E53: 3.644 | F53: 50216696 | G53: 33522853 | H53: 34247232 | I53: 23735777 | J53: 42957849 | K53: 0.68198895 | L53: -0.55217974 | M53: 0.28491513 | N53: 0.85892337 | O53: 0.38101059 | P53: 0.63154153 | Q53: =RANK(N53,$N$7:$N$307,0) -> 47 | R53: =RANK(O53,$O$7:$O$307,1) -> 180 | S53: =RANK(J53,$J$7:$J$307,0) -> 47 | T53: =IF(O53<0.05,"YES","no") -> no | U53: =IF(P53<0.05,"YES","no") -> no | V53: =IF(N53>1,"YES","no") -> no
A54: Ascorbate | C54: High | D54: 175.0248 | E54: 9.306 | F54: 54192577 | G54: 6405601.9 | H54: 65022328 | I54: 8565644.2 | J54: 59115191 | K54: 1.1998383 | L54: 0.26283996 | M54: 0.62513297 | N54: 0.85835865 | O54: 0.050653409 | P54: 0.46202049 | Q54: =RANK(N54,$N$7:$N$307,0) -> 48 | R54: =RANK(O54,$O$7:$O$307,1) -> 33 | S54: =RANK(J54,$J$7:$J$307,0) -> 41 | T54: =IF(O54<0.05,"YES","no") -> no | U54: =IF(P54<0.05,"YES","no") -> no | V54: =IF(N54>1,"YES","no") -> no
A55: Succinate | C55: High | D55: 117.01927 | E55: 9.349 | F55: 1.2633833e+08 | G55: 49902055 | H55: 1.3374043e+08 | I55: 62125587 | J55: 1.2970292e+08 | K55: 1.0585895 | L55: 0.082143189 | M55: 0.073002666 | N55: 0.82840704 | O55: 0.83547736 | P55: 0.90718746 | Q55: =RANK(N55,$N$7:$N$307,0) -> 49 | R55: =RANK(O55,$O$7:$O$307,1) -> 274 | S55: =RANK(J55,$J$7:$J$307,0) -> 24 | T55: =IF(O55<0.05,"YES","no") -> no | U55: =IF(P55<0.05,"YES","no") -> no | V55: =IF(N55>1,"YES","no") -> no
A56: L-Lysine | C56: High | D56: 147.11272 | E56: 18.232 | F56: 42190744 | G56: 18057806 | H56: 56515730 | I56: 15675178 | J56: 48702102 | K56: 1.3395291 | L56: 0.42172594 | M56: 0.4199805 | N56: 0.82504044 | O56: 0.19280423 | P56: 0.54579327 | Q56: =RANK(N56,$N$7:$N$307,0) -> 50 | R56: =RANK(O56,$O$7:$O$307,1) -> 103 | S56: =RANK(J56,$J$7:$J$307,0) -> 42 | T56: =IF(O56<0.05,"YES","no") -> no | U56: =IF(P56<0.05,"YES","no") -> no | V56: =IF(N56>1,"YES","no") -> no
A57: Citrate | C57: High | D57: 191.01965 | E57: 11.31 | F57: 12114544 | G57: 3350052.6 | H57: 5288142 | I57: 2510713.4 | J57: 9011634.2 | K57: 0.43651184 | L57: -1.1959073 | M57: 0.78088527 | N57: 0.78785968 | O57: 0.0039117663 | P57: 0.14718021 | Q57: =RANK(N57,$N$7:$N$307,0) -> 51 | R57: =RANK(O57,$O$7:$O$307,1) -> 8 | S57: =RANK(J57,$J$7:$J$307,0) -> 100 | T57: =IF(O57<0.05,"YES","no") -> YES | U57: =IF(P57<0.05,"YES","no") -> no | V57: =IF(N57>1,"YES","no") -> no
A58: Threonine | B58: C12317 | C58: High | D58: 120.0655 | E58: 10.871 | F58: 34052537 | G58: 5753520.6 | H58: 43453698 | I58: 8387053.6 | J58: 38325792 | K58: 1.2760781 | L58: 0.35171668 | M58: 0.59193578 | N58: 0.78472796 | O58: 0.071819738 | P58: 0.47339377 | Q58: =RANK(N58,$N$7:$N$307,0) -> 52 | R58: =RANK(O58,$O$7:$O$307,1) -> 44 | S58: =RANK(J58,$J$7:$J$307,0) -> 50 | T58: =IF(O58<0.05,"YES","no") -> no | U58: =IF(P58<0.05,"YES","no") -> no | V58: =IF(N58>1,"YES","no") -> no
A59: FAD | C59: High | D59: 786.16461 | E59: 7.79 | F59: 29865029 | G59: 11615692 | H59: 40921689 | I59: 12937817 | J59: 34890783 | K59: 1.370221 | L59: 0.45440856 | M59: 0.44580694 | N59: 0.76530943 | O59: 0.17670421 | P59: 0.54579327 | Q59: =RANK(N59,$N$7:$N$307,0) -> 53 | R59: =RANK(O59,$O$7:$O$307,1) -> 95 | S59: =RANK(J59,$J$7:$J$307,0) -> 54 | T59: =IF(O59<0.05,"YES","no") -> no | U59: =IF(P59<0.05,"YES","no") -> no | V59: =IF(N59>1,"YES","no") -> no
A60: N-Methylaspartate | C60: Medium | D60: 130.04983 | E60: 8.854 | F60: 4484073 | G60: 1691023.3 | H60: 11010438 | I60: 3246579.4 | J60: 7450602.3 | K60: 2.4554546 | L60: 1.2959901 | M60: 0.82032606 | N60: 0.75345972 | O60: 0.0072045102 | P60: 0.19573647 | Q60: =RANK(N60,$N$7:$N$307,0) -> 54 | R60: =RANK(O60,$O$7:$O$307,1) -> 11 | S60: =RANK(J60,$J$7:$J$307,0) -> 113 | T60: =IF(O60<0.05,"YES","no") -> YES | U60: =IF(P60<0.05,"YES","no") -> no | V60: =IF(N60>1,"YES","no") -> no
A61: Cytidine | B61: D07769 | C61: High | D61: 244.09276 | E61: 9.689 | F61: 5696458.8 | G61: 1472805 | H61: 12312504 | I61: 4790045.3 | J61: 8703751.9 | K61: 2.1614312 | L61: 1.1119869 | M61: 0.73330401 | N61: 0.72700665 | O61: 0.034116282 | P61: 0.38914714 | Q61: =RANK(N61,$N$7:$N$307,0) -> 55 | R61: =RANK(O61,$O$7:$O$307,1) -> 25 | S61: =RANK(J61,$J$7:$J$307,0) -> 103 | T61: =IF(O61<0.05,"YES","no") -> YES | U61: =IF(P61<0.05,"YES","no") -> no | V61: =IF(N61>1,"YES","no") -> no
A62: Hypotaurine | B62: C00519 | C62: High | D62: 110.02696 | E62: 11.333 | F62: 19966073 | G62: 11244335 | H62: 10452925 | I62: 7312849.3 | J62: 15641915 | K62: 0.52353432 | L62: -0.93364399 | M62: 0.47522299 | N62: 0.71551469 | O62: 0.12730062 | P62: 0.51387861 | Q62: =RANK(N62,$N$7:$N$307,0) -> 56 | R62: =RANK(O62,$O$7:$O$307,1) -> 70 | S62: =RANK(J62,$J$7:$J$307,0) -> 87 | T62: =IF(O62<0.05,"YES","no") -> no | U62: =IF(P62<0.05,"YES","no") -> no | V62: =IF(N62>1,"YES","no") -> no
A63: Histamine | C63: Medium | D63: 112.08688 | E63: 11.095 | F63: 25384037 | G63: 12626016 | H63: 15415421 | I63: 6560603.3 | J63: 20852848 | K63: 0.607288 | L63: -0.71954724 | M63: 0.46745715 | N63: 0.71472103 | O63: 0.13254842 | P63: 0.51387861 | Q63: =RANK(N63,$N$7:$N$307,0) -> 57 | R63: =RANK(O63,$O$7:$O$307,1) -> 72 | S63: =RANK(J63,$J$7:$J$307,0) -> 73 | T63: =IF(O63<0.05,"YES","no") -> no | U63: =IF(P63<0.05,"YES","no") -> no | V63: =IF(N63>1,"YES","no") -> no
A64: Phosphoadenosine phosphosulfate | C64: Medium | D64: 426.02204 | E64: 9.694 | F64: 34399679 | G64: 12506313 | H64: 24914961 | I64: 5001825 | J64: 30088443 | K64: 0.72427888 | L64: -0.46538278 | M64: 0.46648602 | N64: 0.69225333 | O64: 0.13394994 | P64: 0.51387861 | Q64: =RANK(N64,$N$7:$N$307,0) -> 58 | R64: =RANK(O64,$O$7:$O$307,1) -> 74 | S64: =RANK(J64,$J$7:$J$307,0) -> 63 | T64: =IF(O64<0.05,"YES","no") -> no | U64: =IF(P64<0.05,"YES","no") -> no | V64: =IF(N64>1,"YES","no") -> no
A65: Creatinine | C65: High | D65: 114.06614 | E65: 8.762 | F65: 1.5251736e+08 | G65: 65663628 | H65: 1.3258977e+08 | I65: 18731174 | J65: 1.4345937e+08 | K65: 0.86934215 | L65: -0.20200401 | M65: 0.21222991 | N65: 0.66984137 | O65: 0.50481926 | P65: 0.7121608 | Q65: =RANK(N65,$N$7:$N$307,0) -> 59 | R65: =RANK(O65,$O$7:$O$307,1) -> 212 | S65: =RANK(J65,$J$7:$J$307,0) -> 22 | T65: =IF(O65<0.05,"YES","no") -> no | U65: =IF(P65<0.05,"YES","no") -> no | V65: =IF(N65>1,"YES","no") -> no
A66: Ribose 5-phosphate | C66: High | D66: 229.01174 | E66: 9.596 | F66: 9174611 | G66: 2222010.8 | H66: 15276255 | I66: 4996693.3 | J66: 11948086 | K66: 1.6650575 | L66: 0.73557201 | M66: 0.67014618 | N66: 0.66674711 | O66: 0.049739255 | P66: 0.46202049 | Q66: =RANK(N66,$N$7:$N$307,0) -> 60 | R66: =RANK(O66,$O$7:$O$307,1) -> 32 | S66: =RANK(J66,$J$7:$J$307,0) -> 96 | T66: =IF(O66<0.05,"YES","no") -> YES | U66: =IF(P66<0.05,"YES","no") -> no | V66: =IF(N66>1,"YES","no") -> no
A67: UMP | C67: High | D67: 323.02841 | E67: 9.303 | F67: 22827510 | G67: 5702546.1 | H67: 30787898 | I67: 10263381 | J67: 26445868 | K67: 1.3487191 | L67: 0.43158989 | M67: 0.47787928 | N67: 0.65691686 | O67: 0.17284893 | P67: 0.54579327 | Q67: =RANK(N67,$N$7:$N$307,0) -> 61 | R67: =RANK(O67,$O$7:$O$307,1) -> 91 | S67: =RANK(J67,$J$7:$J$307,0) -> 68 | T67: =IF(O67<0.05,"YES","no") -> no | U67: =IF(P67<0.05,"YES","no") -> no | V67: =IF(N67>1,"YES","no") -> no
A68: Xanthine | C68: High | D68: 151.02624 | E68: 8.62 | F68: 17482324 | G68: 7310094.8 | H68: 24855582 | I68: 8498139.3 | J68: 20833805 | K68: 1.421755 | L68: 0.50767288 | M68: 0.45881325 | N68: 0.64895681 | O68: 0.1654826 | P68: 0.54579327 | Q68: =RANK(N68,$N$7:$N$307,0) -> 62 | R68: =RANK(O68,$O$7:$O$307,1) -> 88 | S68: =RANK(J68,$J$7:$J$307,0) -> 74 | T68: =IF(O68<0.05,"YES","no") -> no | U68: =IF(P68<0.05,"YES","no") -> no | V68: =IF(N68>1,"YES","no") -> no
A69: Leucylproline | C69: Medium | D69: 229.15467 | E69: 6.868 | F69: 3978474.2 | G69: 1363698.4 | H69: 8714422.9 | I69: 2321627.2 | J69: 6131178.2 | K69: 2.1903932 | L69: 1.1311899 | M69: 0.81528511 | N69: 0.64032809 | O69: 0.0064612248 | P69: 0.19573647 | Q69: =RANK(N69,$N$7:$N$307,0) -> 63 | R69: =RANK(O69,$O$7:$O$307,1) -> 9 | S69: =RANK(J69,$J$7:$J$307,0) -> 122 | T69: =IF(O69<0.05,"YES","no") -> YES | U69: =IF(P69<0.05,"YES","no") -> no | V69: =IF(N69>1,"YES","no") -> no
A70: 5-(Hydroxymethyl)furfural | C70: Medium | D70: 109.02835 | E70: 9.916 | F70: 3827097 | G70: 3444139.4 | H70: 10486665 | I70: 10380568 | J70: 6854173.4 | K70: 2.7401096 | L70: 1.4542336 | M70: 0.44482268 | N70: 0.63635194 | O70: 0.23121085 | P70: 0.55233704 | Q70: =RANK(N70,$N$7:$N$307,0) -> 64 | R70: =RANK(O70,$O$7:$O$307,1) -> 126 | S70: =RANK(J70,$J$7:$J$307,0) -> 118 | T70: =IF(O70<0.05,"YES","no") -> no | U70: =IF(P70<0.05,"YES","no") -> no | V70: =IF(N70>1,"YES","no") -> no
A71: L-Histidine | C71: High | D71: 156.0766 | E71: 13.639 | F71: 1.295172e+08 | G71: 37820941 | H71: 1.4488814e+08 | I71: 36645712 | J71: 1.3650399e+08 | K71: 1.1186788 | L71: 0.16179583 | M71: 0.22120912 | N71: 0.63187719 | O71: 0.51250454 | P71: 0.71418457 | Q71: =RANK(N71,$N$7:$N$307,0) -> 65 | R71: =RANK(O71,$O$7:$O$307,1) -> 216 | S71: =RANK(J71,$J$7:$J$307,0) -> 23 | T71: =IF(O71<0.05,"YES","no") -> no | U71: =IF(P71<0.05,"YES","no") -> no | V71: =IF(N71>1,"YES","no") -> no
A72: Hypoxanthine | C72: High | D72: 175.00169 | E72: 8.607 | F72: 25794376 | G72: 8786052.3 | H72: 33483086 | I72: 7371861.6 | J72: 29289244 | K72: 1.298077 | L72: 0.37637596 | M72: 0.45920554 | N72: 0.6125652 | O72: 0.14900046 | P72: 0.52763694 | Q72: =RANK(N72,$N$7:$N$307,0) -> 66 | R72: =RANK(O72,$O$7:$O$307,1) -> 85 | S72: =RANK(J72,$J$7:$J$307,0) -> 65 | T72: =IF(O72<0.05,"YES","no") -> no | U72: =IF(P72<0.05,"YES","no") -> no | V72: =IF(N72>1,"YES","no") -> no
A73: 3-Phosphoglycerate | C73: High | D73: 184.9856 | E73: 10.471 | F73: 7414247.6 | G73: 3669697.4 | H73: 2632986.8 | I73: 1618637.3 | J73: 5240947.2 | K73: 0.35512528 | L73: -1.4936 | M73: 0.66695206 | N73: 0.59676061 | O73: 0.023428409 | P73: 0.35409134 | Q73: =RANK(N73,$N$7:$N$307,0) -> 67 | R73: =RANK(O73,$O$7:$O$307,1) -> 19 | S73: =RANK(J73,$J$7:$J$307,0) -> 128 | T73: =IF(O73<0.05,"YES","no") -> YES | U73: =IF(P73<0.05,"YES","no") -> no | V73: =IF(N73>1,"YES","no") -> no
A74: 4-Aminobenzoic acid | B74: D02907 | C74: Medium | D74: 138.0549 | E74: 10.341 | F74: 66480442 | G74: 15141139 | H74: 76050037 | I74: 14826967 | J74: 70830258 | K74: 1.143946 | L74: 0.19401897 | M74: 0.33130704 | N74: 0.59224645 | O74: 0.31952771 | P74: 0.61770403 | Q74: =RANK(N74,$N$7:$N$307,0) -> 68 | R74: =RANK(O74,$O$7:$O$307,1) -> 151 | S74: =RANK(J74,$J$7:$J$307,0) -> 33 | T74: =IF(O74<0.05,"YES","no") -> no | U74: =IF(P74<0.05,"YES","no") -> no | V74: =IF(N74>1,"YES","no") -> no
A75: Sarcosine | C75: High | D75: 90.05487 | E75: 11.327 | F75: 1.3451455e+08 | G75: 32033880 | H75: 1.2171004e+08 | I75: 18619716 | J75: 1.2869432e+08 | K75: 0.90480949 | L75: -0.14431403 | M75: 0.25338079 | N75: 0.59116789 | O75: 0.43225409 | P75: 0.66582089 | Q75: =RANK(N75,$N$7:$N$307,0) -> 69 | R75: =RANK(O75,$O$7:$O$307,1) -> 194 | S75: =RANK(J75,$J$7:$J$307,0) -> 25 | T75: =IF(O75<0.05,"YES","no") -> no | U75: =IF(P75<0.05,"YES","no") -> no | V75: =IF(N75>1,"YES","no") -> no
A76: Acetyl-L-carnitine | C76: Medium | D76: 204.12295 | E76: 10.705 | F76: 17786307 | G76: 6643930.5 | H76: 23905587 | I76: 11257362 | J76: 20567798 | K76: 1.3440444 | L76: 0.42658083 | M76: 0.35082616 | N76: 0.58838518 | O76: 0.32423401 | P76: 0.61770403 | Q76: =RANK(N76,$N$7:$N$307,0) -> 70 | R76: =RANK(O76,$O$7:$O$307,1) -> 152 | S76: =RANK(J76,$J$7:$J$307,0) -> 75 | T76: =IF(O76<0.05,"YES","no") -> no | U76: =IF(P76<0.05,"YES","no") -> no | V76: =IF(N76>1,"YES","no") -> no
A77: UDP-Glucuronate | B77: C00167 | C77: High | D77: 579.0272 | E77: 10.234 | F77: 4011300.8 | G77: 862378.21 | H77: 7722584.5 | I77: 1508831.5 | J77: 5698247.9 | K77: 1.925207 | L77: 0.94501358 | M77: 0.86341517 | N77: 0.58338899 | O77: 0.0026377262 | P77: 0.14718021 | Q77: =RANK(N77,$N$7:$N$307,0) -> 71 | R77: =RANK(O77,$O$7:$O$307,1) -> 5 | S77: =RANK(J77,$J$7:$J$307,0) -> 124 | T77: =IF(O77<0.05,"YES","no") -> YES | U77: =IF(P77<0.05,"YES","no") -> no | V77: =IF(N77>1,"YES","no") -> no
A78: Fructose 6-Phosphate | C78: High | D78: 261.03698 | E78: 10.336 | F78: 5459786.9 | G78: 5042050.9 | H78: 11628912 | I78: 8966534.4 | J78: 8263934.6 | K78: 2.1299204 | L78: 1.0907995 | M78: 0.43343227 | N78: 0.56679148 | O78: 0.2197502 | P78: 0.54665133 | Q78: =RANK(N78,$N$7:$N$307,0) -> 72 | R78: =RANK(O78,$O$7:$O$307,1) -> 121 | S78: =RANK(J78,$J$7:$J$307,0) -> 106 | T78: =IF(O78<0.05,"YES","no") -> no | U78: =IF(P78<0.05,"YES","no") -> no | V78: =IF(N78>1,"YES","no") -> no
A79: Gluconate | C79: High | D79: 195.05091 | E79: 9.065 | F79: 9806915.4 | G79: 2907820.5 | H79: 14283348 | I79: 2961771.6 | J79: 11841658 | K79: 1.4564568 | L79: 0.54246286 | M79: 0.6434035 | N79: 0.55750618 | O79: 0.034133442 | P79: 0.38914714 | Q79: =RANK(N79,$N$7:$N$307,0) -> 73 | R79: =RANK(O79,$O$7:$O$307,1) -> 26 | S79: =RANK(J79,$J$7:$J$307,0) -> 97 | T79: =IF(O79<0.05,"YES","no") -> YES | U79: =IF(P79<0.05,"YES","no") -> no | V79: =IF(N79>1,"YES","no") -> no
A80: Coenzyme A | C80: Medium | D80: 382.55025 | E80: 8.732 | F80: 15884572 | G80: 8237190.8 | H80: 22369370 | I80: 13509090 | J80: 18832207 | K80: 1.4082451 | L80: 0.4938984 | M80: 0.31124198 | N80: 0.55351626 | O80: 0.38247391 | P80: 0.63154153 | Q80: =RANK(N80,$N$7:$N$307,0) -> 74 | R80: =RANK(O80,$O$7:$O$307,1) -> 181 | S80: =RANK(J80,$J$7:$J$307,0) -> 79 | T80: =IF(O80<0.05,"YES","no") -> no | U80: =IF(P80<0.05,"YES","no") -> no | V80: =IF(N80>1,"YES","no") -> no
A81: 6-Methylnicotinamide | C81: Medium | D81: 137.07089 | E81: 7.879 | F81: 39120021 | G81: 8470090.8 | H81: 43177063 | I81: 21991709 | J81: 40964131 | K81: 1.1037076 | L81: 0.14235798 | M81: 0.13856013 | N81: 0.55035701 | O81: 0.71321447 | P81: 0.85645464 | Q81: =RANK(N81,$N$7:$N$307,0) -> 75 | R81: =RANK(O81,$O$7:$O$307,1) -> 250 | S81: =RANK(J81,$J$7:$J$307,0) -> 48 | T81: =IF(O81<0.05,"YES","no") -> no | U81: =IF(P81<0.05,"YES","no") -> no | V81: =IF(N81>1,"YES","no") -> no
A82: 1-Methylnicotinamide | B82: C02918 | C82: Medium | D82: 137.0709 | E82: 7.233 | F82: 51111419 | G82: 19224997 | H82: 44981267 | I82: 22864536 | J82: 48324986 | K82: 0.88006296 | L82: -0.18432135 | M82: 0.15924171 | N82: 0.5376291 | O82: 0.647245 | P82: 0.80838483 | Q82: =RANK(N82,$N$7:$N$307,0) -> 76 | R82: =RANK(O82,$O$7:$O$307,1) -> 241 | S82: =RANK(J82,$J$7:$J$307,0) -> 43 | T82: =IF(O82<0.05,"YES","no") -> no | U82: =IF(P82<0.05,"YES","no") -> no | V82: =IF(N82>1,"YES","no") -> no
A83: Prolylleucine | C83: Medium | D83: 229.15467 | E83: 9.96 | F83: 17043639 | G83: 17798890 | H83: 8731923.6 | I83: 2612587.5 | J83: 13265586 | K83: 0.51232743 | L83: -0.96486195 | M83: 0.32355847 | N83: 0.53490879 | O83: 0.30762628 | P83: 0.61730339 | Q83: =RANK(N83,$N$7:$N$307,0) -> 77 | R83: =RANK(O83,$O$7:$O$307,1) -> 150 | S83: =RANK(J83,$J$7:$J$307,0) -> 94 | T83: =IF(O83<0.05,"YES","no") -> no | U83: =IF(P83<0.05,"YES","no") -> no | V83: =IF(N83>1,"YES","no") -> no
A84: Myristic Acid | C84: Medium | D84: 227.20158 | E84: 3.747 | F84: 41957267 | G84: 27642676 | H84: 33489780 | I84: 18115886 | J84: 38108409 | K84: 0.79818784 | L84: -0.32519979 | M84: 0.19155842 | N84: 0.51608693 | O84: 0.55790201 | P84: 0.74501366 | Q84: =RANK(N84,$N$7:$N$307,0) -> 78 | R84: =RANK(O84,$O$7:$O$307,1) -> 225 | S84: =RANK(J84,$J$7:$J$307,0) -> 51 | T84: =IF(O84<0.05,"YES","no") -> no | U84: =IF(P84<0.05,"YES","no") -> no | V84: =IF(N84>1,"YES","no") -> no
A85: 3-Methoxypropanoic acid | C85: Medium | D85: 103.04004 | E85: 8.188 | F85: 5988002 | G85: 4243921.9 | H85: 1911789.1 | I85: 740336.92 | J85: 4135177.9 | K85: 0.31926995 | L85: -1.6471513 | M85: 0.57394758 | N85: 0.51563417 | O85: 0.065311345 | P85: 0.47339377 | Q85: =RANK(N85,$N$7:$N$307,0) -> 79 | R85: =RANK(O85,$O$7:$O$307,1) -> 39 | S85: =RANK(J85,$J$7:$J$307,0) -> 138 | T85: =IF(O85<0.05,"YES","no") -> no | U85: =IF(P85<0.05,"YES","no") -> no | V85: =IF(N85>1,"YES","no") -> no
A86: Guanidinoacetate | C86: High | D86: 118.06106 | E86: 11.849 | F86: 15033343 | G86: 4124355.7 | H86: 11167249 | I86: 2348898.5 | J86: 13276027 | K86: 0.74283206 | L86: -0.42889202 | M86: 0.52501934 | N86: 0.47580664 | O86: 0.086744813 | P86: 0.48352202 | Q86: =RANK(N86,$N$7:$N$307,0) -> 80 | R86: =RANK(O86,$O$7:$O$307,1) -> 54 | S86: =RANK(J86,$J$7:$J$307,0) -> 93 | T86: =IF(O86<0.05,"YES","no") -> no | U86: =IF(P86<0.05,"YES","no") -> no | V86: =IF(N86>1,"YES","no") -> no
A87: Tyrosine | B87: D00022 | C87: High | D87: 182.08114 | E87: 10.237 | F87: 28634382 | G87: 8839715.6 | H87: 33779348 | I87: 5521824.9 | J87: 30973003 | K87: 1.1796779 | L87: 0.23839304 | M87: 0.35133522 | N87: 0.47521622 | O87: 0.27140602 | P87: 0.58974767 | Q87: =RANK(N87,$N$7:$N$307,0) -> 81 | R87: =RANK(O87,$O$7:$O$307,1) -> 138 | S87: =RANK(J87,$J$7:$J$307,0) -> 62 | T87: =IF(O87<0.05,"YES","no") -> no | U87: =IF(P87<0.05,"YES","no") -> no | V87: =IF(N87>1,"YES","no") -> no
A88: Ile-Gln | C88: Medium | D88: 260.16046 | E88: 6.994 | F88: 4046979.7 | G88: 2183157.6 | H88: 7471200.8 | I88: 3313412.2 | J88: 5603443.9 | K88: 1.8461177 | L88: 0.88449451 | M88: 0.5662742 | N88: 0.46454136 | O88: 0.089895115 | P88: 0.48686308 | Q88: =RANK(N88,$N$7:$N$307,0) -> 82 | R88: =RANK(O88,$O$7:$O$307,1) -> 55 | S88: =RANK(J88,$J$7:$J$307,0) -> 126 | T88: =IF(O88<0.05,"YES","no") -> no | U88: =IF(P88<0.05,"YES","no") -> no | V88: =IF(N88>1,"YES","no") -> no
A89: S-Adenosylmethionine | B89: C00019 | C89: Medium | D89: 399.14458 | E89: 13.827 | F89: 14353152 | G89: 5005767.3 | H89: 18388939 | I89: 4304959.6 | J89: 16187601 | K89: 1.2811778 | L89: 0.35747067 | M89: 0.42681548 | N89: 0.44509281 | O89: 0.18452663 | P89: 0.54579327 | Q89: =RANK(N89,$N$7:$N$307,0) -> 83 | R89: =RANK(O89,$O$7:$O$307,1) -> 100 | S89: =RANK(J89,$J$7:$J$307,0) -> 83 | T89: =IF(O89<0.05,"YES","no") -> no | U89: =IF(P89<0.05,"YES","no") -> no | V89: =IF(N89>1,"YES","no") -> no
A90: UDP-N-Acetylgalactosamine | B90: C00043 | C90: High | D90: 606.07472 | E90: 8.878 | F90: 26055033 | G90: 9906064.1 | H90: 29839926 | I90: 14196094 | J90: 27775439 | K90: 1.1452653 | L90: 0.19568189 | M90: 0.1710178 | N90: 0.43170935 | O90: 0.63055467 | P90: 0.80083104 | Q90: =RANK(N90,$N$7:$N$307,0) -> 84 | R90: =RANK(O90,$O$7:$O$307,1) -> 237 | S90: =RANK(J90,$J$7:$J$307,0) -> 67 | T90: =IF(O90<0.05,"YES","no") -> no | U90: =IF(P90<0.05,"YES","no") -> no | V90: =IF(N90>1,"YES","no") -> no
A91: L-Citrulline | B91: D07706 | C91: High | D91: 176.10294 | E91: 11.63 | F91: 32299105 | G91: 8501919 | H91: 37199850 | I91: 12596242 | J91: 34526717 | K91: 1.1517301 | L91: 0.20380262 | M91: 0.24839957 | N91: 0.42805537 | O91: 0.48358619 | P91: 0.70044806 | Q91: =RANK(N91,$N$7:$N$307,0) -> 85 | R91: =RANK(O91,$O$7:$O$307,1) -> 206 | S91: =RANK(J91,$J$7:$J$307,0) -> 57 | T91: =IF(O91<0.05,"YES","no") -> no | U91: =IF(P91<0.05,"YES","no") -> no | V91: =IF(N91>1,"YES","no") -> no
A92: Urate | C92: High | D92: 167.02115 | E92: 8.643 | F92: 17845078 | G92: 11605243 | H92: 20185029 | I92: 9619543.6 | J92: 18908692 | K92: 1.1311259 | L92: 0.17775949 | M92: 0.1187761 | N92: 0.42555595 | O92: 0.72307895 | P92: 0.85645464 | Q92: =RANK(N92,$N$7:$N$307,0) -> 86 | R92: =RANK(O92,$O$7:$O$307,1) -> 254 | S92: =RANK(J92,$J$7:$J$307,0) -> 78 | T92: =IF(O92<0.05,"YES","no") -> no | U92: =IF(P92<0.05,"YES","no") -> no | V92: =IF(N92>1,"YES","no") -> no
A93: ATP | C93: High | D93: 508.00291 | E93: 10.408 | F93: 18469582 | G93: 4220128.5 | H93: 14040731 | I93: 10517561 | J93: 16456468 | K93: 0.76020835 | L93: -0.39553323 | M93: 0.30239222 | N93: 0.42509706 | O93: 0.41655304 | P93: 0.66339928 | Q93: =RANK(N93,$N$7:$N$307,0) -> 87 | R93: =RANK(O93,$O$7:$O$307,1) -> 189 | S93: =RANK(J93,$J$7:$J$307,0) -> 82 | T93: =IF(O93<0.05,"YES","no") -> no | U93: =IF(P93<0.05,"YES","no") -> no | V93: =IF(N93>1,"YES","no") -> no
A94: Pantothenate | C94: High | D94: 220.11801 | E94: 6.937 | F94: 1.1108854e+08 | G94: 39213954 | H94: 1.0802994e+08 | I94: 36577797 | J94: 1.0969826e+08 | K94: 0.97246701 | L94: -0.040278782 | M94: 0.044189265 | N94: 0.41977113 | O94: 0.89668594 | P94: 0.93391857 | Q94: =RANK(N94,$N$7:$N$307,0) -> 88 | R94: =RANK(O94,$O$7:$O$307,1) -> 289 | S94: =RANK(J94,$J$7:$J$307,0) -> 26 | T94: =IF(O94<0.05,"YES","no") -> no | U94: =IF(P94<0.05,"YES","no") -> no | V94: =IF(N94>1,"YES","no") -> no
A95: D-Pantothenic acid | C95: Medium | D95: 220.11791 | E95: 5.093 | F95: 37269055 | G95: 11137285 | H95: 31638005 | I95: 14060119 | J95: 34709487 | K95: 0.84890816 | L95: -0.23631962 | M95: 0.24031541 | N95: 0.41826051 | O95: 0.48973394 | P95: 0.70044806 | Q95: =RANK(N95,$N$7:$N$307,0) -> 89 | R95: =RANK(O95,$O$7:$O$307,1) -> 209 | S95: =RANK(J95,$J$7:$J$307,0) -> 55 | T95: =IF(O95<0.05,"YES","no") -> no | U95: =IF(P95<0.05,"YES","no") -> no | V95: =IF(N95>1,"YES","no") -> no
A96: O-Phosphoethanolamine | C96: Medium | D96: 140.01177 | E96: 11 | F96: 7641773.7 | G96: 1944342.7 | H96: 5141833.5 | I96: 1076285.1 | J96: 6505437.3 | K96: 0.67285864 | L96: -0.57162465 | M96: 0.64808951 | N96: 0.41567748 | O96: 0.027366315 | P96: 0.37657816 | Q96: =RANK(N96,$N$7:$N$307,0) -> 90 | R96: =RANK(O96,$O$7:$O$307,1) -> 21 | S96: =RANK(J96,$J$7:$J$307,0) -> 121 | T96: =IF(O96<0.05,"YES","no") -> YES | U96: =IF(P96<0.05,"YES","no") -> no | V96: =IF(N96>1,"YES","no") -> no
A97: Thr-Thr | C97: Medium | D97: 219.0986 | E97: 8.148 | F97: 885589.72 | G97: 629037.99 | H97: 2905075.5 | I97: 1172598.1 | J97: 1803537.8 | K97: 3.2803853 | L97: 1.7138653 | M97: 0.77327845 | N97: 0.40710968 | O97: 0.013939967 | P97: 0.26970028 | Q97: =RANK(N97,$N$7:$N$307,0) -> 91 | R97: =RANK(O97,$O$7:$O$307,1) -> 15 | S97: =RANK(J97,$J$7:$J$307,0) -> 185 | T97: =IF(O97<0.05,"YES","no") -> YES | U97: =IF(P97<0.05,"YES","no") -> no | V97: =IF(N97>1,"YES","no") -> no
A98: O-Acetyl-L-serine | C98: High | D98: 128.03532 | E98: 7.876 | F98: 10019135 | G98: 3022323.5 | H98: 13225400 | I98: 3858563 | J98: 11476528 | K98: 1.3200141 | L98: 0.40055337 | M98: 0.45867909 | N98: 0.4042328 | O98: 0.1713173 | P98: 0.54579327 | Q98: =RANK(N98,$N$7:$N$307,0) -> 92 | R98: =RANK(O98,$O$7:$O$307,1) -> 90 | S98: =RANK(J98,$J$7:$J$307,0) -> 98 | T98: =IF(O98<0.05,"YES","no") -> no | U98: =IF(P98<0.05,"YES","no") -> no | V98: =IF(N98>1,"YES","no") -> no
A99: Aspartate | C99: High | D99: 134.04474 | E99: 9.92 | F99: 13736959 | G99: 3802243.2 | H99: 17353298 | I99: 4840204.7 | J99: 15380750 | K99: 1.2632561 | L99: 0.33714716 | M99: 0.42055294 | N99: 0.40405393 | O99: 0.21365173 | P99: 0.54579327 | Q99: =RANK(N99,$N$7:$N$307,0) -> 93 | R99: =RANK(O99,$O$7:$O$307,1) -> 117 | S99: =RANK(J99,$J$7:$J$307,0) -> 89 | T99: =IF(O99<0.05,"YES","no") -> no | U99: =IF(P99<0.05,"YES","no") -> no | V99: =IF(N99>1,"YES","no") -> no
A100: Phosphoric acid | C100: Medium | D100: 96.96949 | E100: 10.445 | F100: 3.0935941e+08 | G100: 1.0167841e+08 | H100: 3.2202455e+08 | I100: 56484974 | J100: 3.1511629e+08 | K100: 1.0409399 | L100: 0.057886769 | M100: 0.082106619 | N100: 0.40010559 | O100: 0.80094014 | P100: 0.89643774 | Q100: =RANK(N100,$N$7:$N$307,0) -> 94 | R100: =RANK(O100,$O$7:$O$307,1) -> 267 | S100: =RANK(J100,$J$7:$J$307,0) -> 13 | T100: =IF(O100<0.05,"YES","no") -> no | U100: =IF(P100<0.05,"YES","no") -> no | V100: =IF(N100>1,"YES","no") -> no
A101: N-Glycolylneuraminate | C101: Medium | D101: 324.09337 | E101: 9.448 | F101: 1907918.9 | G101: 405605.12 | H101: 3610771.6 | I101: 620623.91 | J101: 2681942.9 | K101: 1.8925184 | L101: 0.92030729 | M101: 0.87745131 | N101: 0.39810545 | O101: 0.0013495642 | P101: 0.14718021 | Q101: =RANK(N101,$N$7:$N$307,0) -> 95 | R101: =RANK(O101,$O$7:$O$307,1) -> 2 | S101: =RANK(J101,$J$7:$J$307,0) -> 160 | T101: =IF(O101<0.05,"YES","no") -> YES | U101: =IF(P101<0.05,"YES","no") -> no | V101: =IF(N101>1,"YES","no") -> no
...

Sheet BAT control vs CSDS
A1: BAT: control vs CSDS — VIP scores and p-values
A2: All 301 confidently annotated (L1/L2) metabolites, sorted by VIP descending. n = 6 control vs 6 CSDS.
A3: VIP from PLS-DA, 2 components, Pareto scaling, no log transform. p-value = Welch t-test (unequal variances). FDR = Benjamini-Hochberg across all 301 metabolites. Sample BAT_Aq_CMVS6 excluded as a multivariate outlier.
A4: VIP > 1 means an above-average contribution to the model; it is NOT a significance test and carries no error control.
A6: Metabolite | B6: KEGG ID | C6: Annotation confidence | D6: m/z | E6: RT (min) | F6: Mean peak area (control) | G6: SD (control) | H6: Mean peak area (CSDS) | I6: SD (CSDS) | J6: Mean peak area (all) | K6: Fold change | L6: log2 fold change | M6: |r| with group | N6: VIP score | O6: p-value (Welch) | P6: FDR q-value (BH) | Q6: VIP rank | R6: p-value rank | S6: Peak area rank | T6: Significant (p<0.05) | U6: Passes FDR<0.05 | V6: VIP > 1
A7: Betaine | C7: High | D7: 118.08616 | E7: 10.135 | F7: 1.6013639e+09 | G7: 98521385 | H7: 2.3053697e+09 | I7: 7.153557e+08 | J7: 1.9533668e+09 | K7: 1.4396289 | L7: 0.52569696 | M7: 0.60264152 | N7: 7.3327086 | O7: 0.060687979 | P7: 0.52419266 | Q7: =RANK(N7,$N$7:$N$307,0) -> 1 | R7: =RANK(O7,$O$7:$O$307,1) -> 34 | S7: =RANK(J7,$J$7:$J$307,0) -> 4 | T7: =IF(O7<0.05,"YES","no") -> no | U7: =IF(P7<0.05,"YES","no") -> no | V7: =IF(N7>1,"YES","no") -> YES
A8: Creatine | B8: C00300 | C8: High | D8: 132.07663 | E8: 11.358 | F8: 3.4370523e+09 | G8: 8.4746457e+08 | H8: 2.7486656e+09 | I8: 1.9645519e+08 | J8: 3.092859e+09 | K8: 0.79971597 | L8: -0.3224404 | M8: 0.52258676 | N8: 6.8705049 | O8: 0.10472459 | P8: 0.56289466 | Q8: =RANK(N8,$N$7:$N$307,0) -> 2 | R8: =RANK(O8,$O$7:$O$307,1) -> 56 | S8: =RANK(J8,$J$7:$J$307,0) -> 2 | T8: =IF(O8<0.05,"YES","no") -> no | U8: =IF(P8<0.05,"YES","no") -> no | V8: =IF(N8>1,"YES","no") -> YES
A9: L-Carnitine | B9: C00318 | C9: High | D9: 162.11233 | E9: 11.266 | F9: 7.3450876e+09 | G9: 1.0927004e+09 | H9: 7.8994221e+09 | I9: 1.3098276e+09 | J9: 7.6222548e+09 | K9: 1.0754701 | L9: 0.1049674 | M9: 0.24411042 | N9: 6.3217861 | O9: 0.44508234 | P9: 0.77987432 | Q9: =RANK(N9,$N$7:$N$307,0) -> 3 | R9: =RANK(O9,$O$7:$O$307,1) -> 171 | S9: =RANK(J9,$J$7:$J$307,0) -> 1 | T9: =IF(O9<0.05,"YES","no") -> no | U9: =IF(P9<0.05,"YES","no") -> no | V9: =IF(N9>1,"YES","no") -> YES
A10: Glycerophosphocholine | C10: Medium | D10: 258.11003 | E10: 11.271 | F10: 6.0860635e+08 | G10: 1.3137991e+08 | H10: 3.6758435e+08 | I10: 1.0299678e+08 | J10: 4.8809535e+08 | K10: 0.60397717 | L10: -0.72743407 | M10: 0.74544485 | N10: 5.6785508 | O10: 0.0058710974 | P10: 0.44787788 | Q10: =RANK(N10,$N$7:$N$307,0) -> 4 | R10: =RANK(O10,$O$7:$O$307,1) -> 3 | S10: =RANK(J10,$J$7:$J$307,0) -> 10 | T10: =IF(O10<0.05,"YES","no") -> YES | U10: =IF(P10<0.05,"YES","no") -> no | V10: =IF(N10>1,"YES","no") -> YES
A11: DELTA-VALEROBETAINE | C11: Medium | D11: 160.13315 | E11: 12.211 | F11: 5.6063015e+08 | G11: 76103341 | H11: 6.9591524e+08 | I11: 1.6034359e+08 | J11: 6.282727e+08 | K11: 1.241309 | L11: 0.31186227 | M11: 0.50841444 | N11: 2.998713 | O11: 0.10327781 | P11: 0.56289466 | Q11: =RANK(N11,$N$7:$N$307,0) -> 5 | R11: =RANK(O11,$O$7:$O$307,1) -> 55 | S11: =RANK(J11,$J$7:$J$307,0) -> 8 | T11: =IF(O11<0.05,"YES","no") -> no | U11: =IF(P11<0.05,"YES","no") -> no | V11: =IF(N11>1,"YES","no") -> YES
A12: Deoxycarnitine | C12: High | D12: 146.11753 | E12: 11.962 | F12: 1.6805592e+08 | G12: 33151408 | H12: 2.8148803e+08 | I12: 1.3310745e+08 | J12: 2.2477198e+08 | K12: 1.6749665 | L12: 0.74413223 | M12: 0.53937158 | N12: 2.8131327 | O12: 0.092431271 | P12: 0.54552574 | Q12: =RANK(N12,$N$7:$N$307,0) -> 6 | R12: =RANK(O12,$O$7:$O$307,1) -> 51 | S12: =RANK(J12,$J$7:$J$307,0) -> 17 | T12: =IF(O12<0.05,"YES","no") -> no | U12: =IF(P12<0.05,"YES","no") -> no | V12: =IF(N12>1,"YES","no") -> YES
A13: Malate | C13: High | D13: 133.01415 | E13: 10.102 | F13: 2.6478539e+08 | G13: 1.1179083e+08 | H13: 1.8254314e+08 | I13: 75061234 | J13: 2.2366427e+08 | K13: 0.68940037 | L13: -0.53658603 | M13: 0.42765677 | N13: 2.7661186 | O13: 0.16981339 | P13: 0.5908156 | Q13: =RANK(N13,$N$7:$N$307,0) -> 7 | R13: =RANK(O13,$O$7:$O$307,1) -> 84 | S13: =RANK(J13,$J$7:$J$307,0) -> 18 | T13: =IF(O13<0.05,"YES","no") -> no | U13: =IF(P13<0.05,"YES","no") -> no | V13: =IF(N13>1,"YES","no") -> YES
A14: Glycerol 3-Phosphate | C14: High | D14: 171.00639 | E14: 9.574 | F14: 74705719 | G14: 55240318 | H14: 1.707707e+08 | I14: 86534009 | J14: 1.2273821e+08 | K14: 2.285912 | L14: 1.1927698 | M14: 0.58687019 | N14: 2.6559001 | O14: 0.049266813 | P14: 0.47836486 | Q14: =RANK(N14,$N$7:$N$307,0) -> 8 | R14: =RANK(O14,$O$7:$O$307,1) -> 31 | S14: =RANK(J14,$J$7:$J$307,0) -> 26 | T14: =IF(O14<0.05,"YES","no") -> YES | U14: =IF(P14<0.05,"YES","no") -> no | V14: =IF(N14>1,"YES","no") -> YES
A15: Glutamine | C15: High | D15: 147.07637 | E15: 11.11 | F15: 3.8600151e+08 | G15: 49532539 | H15: 4.8103915e+08 | I15: 1.7257831e+08 | J15: 4.3352033e+08 | K15: 1.2462106 | L15: 0.31754784 | M15: 0.37936212 | N15: 2.3159061 | O15: 0.24382424 | P15: 0.64947874 | Q15: =RANK(N15,$N$7:$N$307,0) -> 9 | R15: =RANK(O15,$O$7:$O$307,1) -> 113 | S15: =RANK(J15,$J$7:$J$307,0) -> 11 | T15: =IF(O15<0.05,"YES","no") -> no | U15: =IF(P15<0.05,"YES","no") -> no | V15: =IF(N15>1,"YES","no") -> YES
A16: Glutathione Reduced | B16: C02471 | C16: High | D16: 308.09115 | E16: 9.381 | F16: 89683688 | G16: 19533518 | H16: 1.4851785e+08 | I16: 53354427 | J16: 1.1910077e+08 | K16: 1.6560186 | L16: 0.72771884 | M16: 0.62568718 | N16: 2.1595676 | O16: 0.042372091 | P16: 0.47836486 | Q16: =RANK(N16,$N$7:$N$307,0) -> 10 | R16: =RANK(O16,$O$7:$O$307,1) -> 25 | S16: =RANK(J16,$J$7:$J$307,0) -> 27 | T16: =IF(O16<0.05,"YES","no") -> YES | U16: =IF(P16<0.05,"YES","no") -> no | V16: =IF(N16>1,"YES","no") -> YES
A17: O-Acetyl-L-carnitine | C17: High | D17: 204.12298 | E17: 10.121 | F17: 2.2298897e+09 | G17: 9.5094187e+08 | H17: 2.1079345e+09 | I17: 8.2683602e+08 | J17: 2.1689121e+09 | K17: 0.94530884 | L17: -0.081142346 | M17: 0.074755141 | N17: 2.0809115 | O17: 0.81748703 | P17: 0.92348194 | Q17: =RANK(N17,$N$7:$N$307,0) -> 11 | R17: =RANK(O17,$O$7:$O$307,1) -> 264 | S17: =RANK(J17,$J$7:$J$307,0) -> 3 | T17: =IF(O17<0.05,"YES","no") -> no | U17: =IF(P17<0.05,"YES","no") -> no | V17: =IF(N17>1,"YES","no") -> YES
A18: Taurine | B18: D00047 | C18: High | D18: 126.0218 | E18: 10.855 | F18: 8.6581155e+08 | G18: 1.5769059e+08 | H18: 9.3164791e+08 | I18: 2.523251e+08 | J18: 8.9872973e+08 | K18: 1.0760401 | L18: 0.10573179 | M18: 0.16892697 | N18: 2.0752154 | O18: 0.60192626 | P18: 0.86276098 | Q18: =RANK(N18,$N$7:$N$307,0) -> 12 | R18: =RANK(O18,$O$7:$O$307,1) -> 210 | S18: =RANK(J18,$J$7:$J$307,0) -> 5 | T18: =IF(O18<0.05,"YES","no") -> no | U18: =IF(P18<0.05,"YES","no") -> no | V18: =IF(N18>1,"YES","no") -> YES
A19: Propionylcarnitine | B19: C03017 | C19: Medium | D19: 218.13866 | E19: 9.458 | F19: 2.6317393e+08 | G19: 1.3418639e+08 | H19: 3.0816728e+08 | I19: 1.2429885e+08 | J19: 2.856706e+08 | K19: 1.1709643 | L19: 0.22769713 | M19: 0.18717242 | N19: 1.8777133 | O19: 0.56030611 | P19: 0.83289283 | Q19: =RANK(N19,$N$7:$N$307,0) -> 13 | R19: =RANK(O19,$O$7:$O$307,1) -> 202 | S19: =RANK(J19,$J$7:$J$307,0) -> 15 | T19: =IF(O19<0.05,"YES","no") -> no | U19: =IF(P19<0.05,"YES","no") -> no | V19: =IF(N19>1,"YES","no") -> YES
A20: 1-Palmitoyl-sn-glycero-3-Phosphocholine | C20: Medium | D20: 496.33971 | E20: 4.961 | F20: 1.8257648e+08 | G20: 66188937 | H20: 1.3965269e+08 | I20: 22338783 | J20: 1.6111459e+08 | K20: 0.76489969 | L20: -0.38665753 | M20: 0.42975864 | N20: 1.8430054 | O20: 0.18201658 | P20: 0.5908156 | Q20: =RANK(N20,$N$7:$N$307,0) -> 14 | R20: =RANK(O20,$O$7:$O$307,1) -> 92 | S20: =RANK(J20,$J$7:$J$307,0) -> 21 | T20: =IF(O20<0.05,"YES","no") -> no | U20: =IF(P20<0.05,"YES","no") -> no | V20: =IF(N20>1,"YES","no") -> YES
A21: Lactic Acid | B21: D02111 | C21: Medium | D21: 89.02433 | E21: 7.221 | F21: 8.2984048e+08 | G21: 2.2728921e+08 | H21: 8.8091444e+08 | I21: 2.4882687e+08 | J21: 8.5537746e+08 | K21: 1.0615467 | L21: 0.086167867 | M21: 0.11659003 | N21: 1.7360168 | O21: 0.7182783 | P21: 0.89567378 | Q21: =RANK(N21,$N$7:$N$307,0) -> 15 | R21: =RANK(O21,$O$7:$O$307,1) -> 241 | S21: =RANK(J21,$J$7:$J$307,0) -> 6 | T21: =IF(O21<0.05,"YES","no") -> no | U21: =IF(P21<0.05,"YES","no") -> no | V21: =IF(N21>1,"YES","no") -> YES
A22: Creatinine | C22: High | D22: 114.06614 | E22: 8.762 | F22: 1.5251736e+08 | G22: 65663628 | H22: 1.1040673e+08 | I22: 10055607 | J22: 1.3146205e+08 | K22: 0.72389617 | L22: -0.46614531 | M22: 0.44076134 | N22: 1.6138898 | O22: 0.17858967 | P22: 0.5908156 | Q22: =RANK(N22,$N$7:$N$307,0) -> 16 | R22: =RANK(O22,$O$7:$O$307,1) -> 89 | S22: =RANK(J22,$J$7:$J$307,0) -> 24 | T22: =IF(O22<0.05,"YES","no") -> no | U22: =IF(P22<0.05,"YES","no") -> no | V22: =IF(N22>1,"YES","no") -> YES
A23: Myoinositol | C23: High | D23: 179.0561 | E23: 11.841 | F23: 74148098 | G23: 7680258.3 | H23: 54446366 | I23: 11366101 | J23: 64297232 | K23: 0.73429214 | L23: -0.44557393 | M23: 0.74370913 | N23: 1.58961 | O23: 0.0067953451 | P23: 0.44787788 | Q23: =RANK(N23,$N$7:$N$307,0) -> 17 | R23: =RANK(O23,$O$7:$O$307,1) -> 4 | S23: =RANK(J23,$J$7:$J$307,0) -> 36 | T23: =IF(O23<0.05,"YES","no") -> YES | U23: =IF(P23<0.05,"YES","no") -> no | V23: =IF(N23>1,"YES","no") -> YES
A24: dGTP | B24: C00286 | C24: High | D24: 505.98835 | E24: 10.116 | F24: 71212169 | G24: 27744875 | H24: 50359828 | I24: 40118058 | J24: 60785999 | K24: 0.7071801 | L24: -0.49985042 | M24: 0.3143532 | N24: 1.583185 | O24: 0.32265436 | P24: 0.67443723 | Q24: =RANK(N24,$N$7:$N$307,0) -> 18 | R24: =RANK(O24,$O$7:$O$307,1) -> 144 | S24: =RANK(J24,$J$7:$J$307,0) -> 40 | T24: =IF(O24<0.05,"YES","no") -> no | U24: =IF(P24<0.05,"YES","no") -> no | V24: =IF(N24>1,"YES","no") -> YES
A25: Niacinamide | C25: High | D25: 123.05518 | E25: 6.893 | F25: 6.4653075e+08 | G25: 49672714 | H25: 6.8055492e+08 | I25: 1.1400758e+08 | J25: 6.6354283e+08 | K25: 1.0526258 | L25: 0.073992604 | M25: 0.20732259 | N25: 1.5472236 | O25: 0.52474372 | P25: 0.82277423 | Q25: =RANK(N25,$N$7:$N$307,0) -> 19 | R25: =RANK(O25,$O$7:$O$307,1) -> 191 | S25: =RANK(J25,$J$7:$J$307,0) -> 7 | T25: =IF(O25<0.05,"YES","no") -> no | U25: =IF(P25<0.05,"YES","no") -> no | V25: =IF(N25>1,"YES","no") -> YES
A26: AMP | C26: High | D26: 348.07036 | E26: 9.071 | F26: 2.6907483e+08 | G26: 37852083 | H26: 3.075034e+08 | I26: 71792327 | J26: 2.8828912e+08 | K26: 1.1428174 | L26: 0.19259495 | M26: 0.34433665 | N26: 1.5269589 | O26: 0.28134754 | P26: 0.65206015 | Q26: =RANK(N26,$N$7:$N$307,0) -> 20 | R26: =RANK(O26,$O$7:$O$307,1) -> 127 | S26: =RANK(J26,$J$7:$J$307,0) -> 14 | T26: =IF(O26<0.05,"YES","no") -> no | U26: =IF(P26<0.05,"YES","no") -> no | V26: =IF(N26>1,"YES","no") -> YES
A27: Ergothioneine | C27: High | D27: 230.09567 | E27: 11.253 | F27: 69723076 | G27: 9809647.3 | H27: 51876264 | I27: 9355765.5 | J27: 60799670 | K27: 0.74403292 | L27: -0.42656164 | M27: 0.71400126 | N27: 1.3753143 | O27: 0.0091254229 | P27: 0.44787788 | Q27: =RANK(N27,$N$7:$N$307,0) -> 21 | R27: =RANK(O27,$O$7:$O$307,1) -> 5 | S27: =RANK(J27,$J$7:$J$307,0) -> 39 | T27: =IF(O27<0.05,"YES","no") -> YES | U27: =IF(P27<0.05,"YES","no") -> no | V27: =IF(N27>1,"YES","no") -> YES
A28: Pantothenate | C28: High | D28: 220.11801 | E28: 6.937 | F28: 1.1108854e+08 | G28: 39213954 | H28: 91805232 | I28: 31550614 | J28: 1.0144688e+08 | K28: 0.826415 | L28: -0.27506166 | M28: 0.28450845 | N28: 1.3651259 | O28: 0.37109847 | P28: 0.73973934 | Q28: =RANK(N28,$N$7:$N$307,0) -> 22 | R28: =RANK(O28,$O$7:$O$307,1) -> 151 | S28: =RANK(J28,$J$7:$J$307,0) -> 29 | T28: =IF(O28<0.05,"YES","no") -> no | U28: =IF(P28<0.05,"YES","no") -> no | V28: =IF(N28>1,"YES","no") -> YES
A29: Glutamate | C29: High | D29: 148.06035 | E29: 9.8 | F29: 2.3600019e+08 | G29: 61126821 | H29: 2.81571e+08 | I29: 1.072208e+08 | J29: 2.5878559e+08 | K29: 1.1930965 | L29: 0.25471075 | M29: 0.27497899 | N29: 1.3557538 | O29: 0.39238573 | P29: 0.74988898 | Q29: =RANK(N29,$N$7:$N$307,0) -> 23 | R29: =RANK(O29,$O$7:$O$307,1) -> 157 | S29: =RANK(J29,$J$7:$J$307,0) -> 16 | T29: =IF(O29<0.05,"YES","no") -> no | U29: =IF(P29<0.05,"YES","no") -> no | V29: =IF(N29>1,"YES","no") -> YES
A30: Beta-NAD | C30: High | D30: 664.11651 | E30: 9.531 | F30: 40663557 | G30: 20248062 | H30: 27878898 | I30: 17666289 | J30: 34271228 | K30: 0.68559909 | L30: -0.54456289 | M30: 0.34579449 | N30: 1.336377 | O30: 0.2713886 | P30: 0.65148254 | Q30: =RANK(N30,$N$7:$N$307,0) -> 24 | R30: =RANK(O30,$O$7:$O$307,1) -> 124 | S30: =RANK(J30,$J$7:$J$307,0) -> 55 | T30: =IF(O30<0.05,"YES","no") -> no | U30: =IF(P30<0.05,"YES","no") -> no | V30: =IF(N30>1,"YES","no") -> YES
A31: Trimethylamine N-Oxide | C31: High | D31: 76.07564 | E31: 12.042 | F31: 24415264 | G31: 10740949 | H31: 45355899 | I31: 23768321 | J31: 34885582 | K31: 1.8576862 | L31: 0.89350681 | M31: 0.52809966 | N31: 1.3335785 | O31: 0.090175913 | P31: 0.54552574 | Q31: =RANK(N31,$N$7:$N$307,0) -> 25 | R31: =RANK(O31,$O$7:$O$307,1) -> 47 | S31: =RANK(J31,$J$7:$J$307,0) -> 54 | T31: =IF(O31<0.05,"YES","no") -> no | U31: =IF(P31<0.05,"YES","no") -> no | V31: =IF(N31>1,"YES","no") -> YES
A32: Adenosine | C32: High | D32: 268.104 | E32: 8.014 | F32: 1.5027716e+08 | G32: 32317167 | H32: 1.791954e+08 | I32: 64245481 | J32: 1.6473628e+08 | K32: 1.1924327 | L32: 0.25390783 | M32: 0.29738329 | N32: 1.3081459 | O32: 0.35583076 | P32: 0.72860584 | Q32: =RANK(N32,$N$7:$N$307,0) -> 26 | R32: =RANK(O32,$O$7:$O$307,1) -> 147 | S32: =RANK(J32,$J$7:$J$307,0) -> 20 | T32: =IF(O32<0.05,"YES","no") -> no | U32: =IF(P32<0.05,"YES","no") -> no | V32: =IF(N32>1,"YES","no") -> YES
A33: Succinate | C33: High | D33: 117.01927 | E33: 9.349 | F33: 1.2633833e+08 | G33: 49902055 | H33: 1.5428011e+08 | I33: 75711022 | J33: 1.4030922e+08 | K33: 1.2211662 | L33: 0.2882596 | M33: 0.23216632 | N33: 1.2967727 | O33: 0.47040947 | P33: 0.78576173 | Q33: =RANK(N33,$N$7:$N$307,0) -> 27 | R33: =RANK(O33,$O$7:$O$307,1) -> 178 | S33: =RANK(J33,$J$7:$J$307,0) -> 22 | T33: =IF(O33<0.05,"YES","no") -> no | U33: =IF(P33<0.05,"YES","no") -> no | V33: =IF(N33>1,"YES","no") -> YES
A34: D-Pantothenic acid | C34: Medium | D34: 220.11791 | E34: 5.093 | F34: 37269055 | G34: 11137285 | H34: 24993701 | I34: 15865045 | J34: 31131378 | K34: 0.67062879 | L34: -0.57641368 | M34: 0.44039978 | N34: 1.2966888 | O34: 0.15539941 | P34: 0.5908156 | Q34: =RANK(N34,$N$7:$N$307,0) -> 28 | R34: =RANK(O34,$O$7:$O$307,1) -> 76 | S34: =RANK(J34,$J$7:$J$307,0) -> 61 | T34: =IF(O34<0.05,"YES","no") -> no | U34: =IF(P34<0.05,"YES","no") -> no | V34: =IF(N34>1,"YES","no") -> YES
A35: L-Arginine | B35: C02385 | C35: High | D35: 175.11886 | E35: 18.84 | F35: 69884679 | G35: 21782184 | H35: 93649259 | I35: 20217766 | J35: 81766969 | K35: 1.3400542 | L35: 0.42229138 | M35: 0.52657093 | N35: 1.2558624 | O35: 0.078763667 | P35: 0.54552574 | Q35: =RANK(N35,$N$7:$N$307,0) -> 29 | R35: =RANK(O35,$O$7:$O$307,1) -> 42 | S35: =RANK(J35,$J$7:$J$307,0) -> 32 | T35: =IF(O35<0.05,"YES","no") -> no | U35: =IF(P35<0.05,"YES","no") -> no | V35: =IF(N35>1,"YES","no") -> YES
A36: Phosphorylcholine | C36: High | D36: 184.07327 | E36: 11.86 | F36: 56305242 | G36: 40441006 | H36: 88239823 | I36: 58576988 | J36: 72272532 | K36: 1.5671689 | L36: 0.64816067 | M36: 0.32825784 | N36: 1.2405182 | O36: 0.30068309 | P36: 0.65206015 | Q36: =RANK(N36,$N$7:$N$307,0) -> 30 | R36: =RANK(O36,$O$7:$O$307,1) -> 137 | S36: =RANK(J36,$J$7:$J$307,0) -> 33 | T36: =IF(O36<0.05,"YES","no") -> no | U36: =IF(P36<0.05,"YES","no") -> no | V36: =IF(N36>1,"YES","no") -> YES
A37: L-Proline | C37: High | D37: 116.07051 | E37: 10.722 | F37: 3.6506777e+08 | G37: 90757280 | H37: 3.9371056e+08 | I37: 1.1182792e+08 | J37: 3.7938916e+08 | K37: 1.0784588 | L37: 0.10897107 | M37: 0.15225398 | N37: 1.1697145 | O37: 0.63709089 | P37: 0.88116818 | Q37: =RANK(N37,$N$7:$N$307,0) -> 31 | R37: =RANK(O37,$O$7:$O$307,1) -> 215 | S37: =RANK(J37,$J$7:$J$307,0) -> 12 | T37: =IF(O37<0.05,"YES","no") -> no | U37: =IF(P37<0.05,"YES","no") -> no | V37: =IF(N37>1,"YES","no") -> YES
A38: Choline | C38: Medium | D38: 104.10686 | E38: 8.911 | F38: 4.9673945e+08 | G38: 1.9322909e+08 | H38: 5.3840182e+08 | I38: 2.4543674e+08 | J38: 5.1757063e+08 | K38: 1.0838717 | L38: 0.11619397 | M38: 0.10276406 | N38: 1.1543963 | O38: 0.75099585 | P38: 0.90783033 | Q38: =RANK(N38,$N$7:$N$307,0) -> 32 | R38: =RANK(O38,$O$7:$O$307,1) -> 249 | S38: =RANK(J38,$J$7:$J$307,0) -> 9 | T38: =IF(O38<0.05,"YES","no") -> no | U38: =IF(P38<0.05,"YES","no") -> no | V38: =IF(N38>1,"YES","no") -> YES
A39: N-Acetylglutamate | C39: High | D39: 188.05646 | E39: 8.846 | F39: 14023712 | G39: 5398474.1 | H39: 29288551 | I39: 13374077 | J39: 21656132 | K39: 2.088502 | L39: 1.0624685 | M39: 0.63400317 | N39: 1.1003718 | O39: 0.037769416 | P39: 0.47836486 | Q39: =RANK(N39,$N$7:$N$307,0) -> 33 | R39: =RANK(O39,$O$7:$O$307,1) -> 21 | S39: =RANK(J39,$J$7:$J$307,0) -> 70 | T39: =IF(O39<0.05,"YES","no") -> YES | U39: =IF(P39<0.05,"YES","no") -> no | V39: =IF(N39>1,"YES","no") -> YES
A40: Sarcosine | C40: High | D40: 90.05487 | E40: 11.327 | F40: 1.3451455e+08 | G40: 32033880 | H40: 1.1428184e+08 | I40: 10221791 | J40: 1.243982e+08 | K40: 0.8495872 | L40: -0.23516607 | M40: 0.42245218 | N40: 1.0956942 | O40: 0.19088507 | P40: 0.59850422 | Q40: =RANK(N40,$N$7:$N$307,0) -> 34 | R40: =RANK(O40,$O$7:$O$307,1) -> 96 | S40: =RANK(J40,$J$7:$J$307,0) -> 25 | T40: =IF(O40<0.05,"YES","no") -> no | U40: =IF(P40<0.05,"YES","no") -> no | V40: =IF(N40>1,"YES","no") -> YES
A41: Maltotetraose | C41: High | D41: 665.215 | E41: 11.713 | F41: 7899828.6 | G41: 8628621.3 | H41: 24553105 | I41: 19208103 | J41: 16226467 | K41: 3.1080554 | L41: 1.6360122 | M41: 0.52237265 | N41: 1.076479 | O41: 0.094285812 | P41: 0.5457698 | Q41: =RANK(N41,$N$7:$N$307,0) -> 35 | R41: =RANK(O41,$O$7:$O$307,1) -> 52 | S41: =RANK(J41,$J$7:$J$307,0) -> 81 | T41: =IF(O41<0.05,"YES","no") -> no | U41: =IF(P41<0.05,"YES","no") -> no | V41: =IF(N41>1,"YES","no") -> YES
A42: ADP-Ribose | C42: High | D42: 558.06456 | E42: 9.061 | F42: 81600092 | G42: 21096383 | H42: 98408594 | I42: 29220541 | J42: 90004343 | K42: 1.2059863 | L42: 0.27021352 | M42: 0.33976649 | N42: 0.97901076 | O42: 0.28245867 | P42: 0.65206015 | Q42: =RANK(N42,$N$7:$N$307,0) -> 36 | R42: =RANK(O42,$O$7:$O$307,1) -> 129 | S42: =RANK(J42,$J$7:$J$307,0) -> 30 | T42: =IF(O42<0.05,"YES","no") -> no | U42: =IF(P42<0.05,"YES","no") -> no | V42: =IF(N42>1,"YES","no") -> no
A43: ATP | C43: High | D43: 508.00291 | E43: 10.408 | F43: 18469582 | G43: 4220128.5 | H43: 11525470 | I43: 6061908.3 | J43: 14997526 | K43: 0.62402441 | L43: -0.68032562 | M43: 0.58867917 | N43: 0.96059383 | O43: 0.047011512 | P43: 0.47836486 | Q43: =RANK(N43,$N$7:$N$307,0) -> 37 | R43: =RANK(O43,$O$7:$O$307,1) -> 28 | S43: =RANK(J43,$J$7:$J$307,0) -> 84 | T43: =IF(O43<0.05,"YES","no") -> YES | U43: =IF(P43<0.05,"YES","no") -> no | V43: =IF(N43>1,"YES","no") -> no
A44: Phenylalanine | C44: High | D44: 166.08629 | E44: 8.757 | F44: 54632903 | G44: 13027139 | H44: 69553872 | I44: 21289381 | J44: 62093387 | K44: 1.2731132 | L44: 0.34836074 | M44: 0.42020472 | N44: 0.95861602 | O44: 0.1799855 | P44: 0.5908156 | Q44: =RANK(N44,$N$7:$N$307,0) -> 38 | R44: =RANK(O44,$O$7:$O$307,1) -> 91 | S44: =RANK(J44,$J$7:$J$307,0) -> 37 | T44: =IF(O44<0.05,"YES","no") -> no | U44: =IF(P44<0.05,"YES","no") -> no | V44: =IF(N44>1,"YES","no") -> no
A45: Taurocholic acid | C45: Medium | D45: 514.28466 | E45: 4.74 | F45: 175923.25 | G45: 44018.543 | H45: 17010971 | I45: 27958632 | J45: 8593447.3 | K45: 96.695414 | L45: 6.5953756 | M45: 0.42269898 | N45: 0.95532503 | O45: 0.20024281 | P45: 0.60559066 | Q45: =RANK(N45,$N$7:$N$307,0) -> 39 | R45: =RANK(O45,$O$7:$O$307,1) -> 99 | S45: =RANK(J45,$J$7:$J$307,0) -> 105 | T45: =IF(O45<0.05,"YES","no") -> no | U45: =IF(P45<0.05,"YES","no") -> no | V45: =IF(N45>1,"YES","no") -> no
A46: Stachydrine | C46: High | D46: 144.10188 | E46: 10.062 | F46: 1.8440236e+08 | G46: 34448232 | H46: 1.9930421e+08 | I46: 36028888 | J46: 1.9185328e+08 | K46: 1.0808116 | L46: 0.11211505 | M46: 0.22559574 | N46: 0.90523824 | O46: 0.48084501 | P46: 0.78596268 | Q46: =RANK(N46,$N$7:$N$307,0) -> 40 | R46: =RANK(O46,$O$7:$O$307,1) -> 184 | S46: =RANK(J46,$J$7:$J$307,0) -> 19 | T46: =IF(O46<0.05,"YES","no") -> no | U46: =IF(P46<0.05,"YES","no") -> no | V46: =IF(N46>1,"YES","no") -> no
A47: L-Histidine | C47: High | D47: 156.0766 | E47: 13.639 | F47: 1.295172e+08 | G47: 37820941 | H47: 1.3829682e+08 | I47: 40354369 | J47: 1.3390701e+08 | K47: 1.0677873 | L47: 0.094624298 | M47: 0.12204227 | N47: 0.8469831 | O47: 0.70558024 | P47: 0.89235148 | Q47: =RANK(N47,$N$7:$N$307,0) -> 41 | R47: =RANK(O47,$O$7:$O$307,1) -> 238 | S47: =RANK(J47,$J$7:$J$307,0) -> 23 | T47: =IF(O47<0.05,"YES","no") -> no | U47: =IF(P47<0.05,"YES","no") -> no | V47: =IF(N47>1,"YES","no") -> no
... A49: Phosphoadenosine phosphosulfate | C49: Medium | D49: 426.02204 | E49: 9.694 | F49: 34399679 | G49: 12506313 | H49: 30389005 | I49: 14705617 | J49: 32394342 | K49: 0.88340957 | L49: -0.17884564 | M49: 0.15888491 | N49: 0.83664421 | O49: 0.62213906 | P49: 0.88116818 | Q49: =RANK(N49,$N$7:$N$307,0) -> 43 | R49: =RANK(O49,$O$7:$O$307,1) -> 211 | S49: =RANK(J49,$J$7:$J$307,0) -> 57 | T49: =IF(O49<0.05,"YES","no") -> no | U49: =IF(P49<0.05,"YES","no") -> no | V49: =IF(N49>1,"YES","no") -> no
A50: L-Citrulline | B50: D07706 | C50: High | D50: 176.10294 | E50: 11.63 | F50: 32299105 | G50: 8501919 | H50: 40614048 | I50: 18753377 | J50: 36456576 | K50: 1.2574357 | L50: 0.33048462 | M50: 0.29853561 | N50: 0.77438983 | O50: 0.35566326 | P50: 0.72860584 | Q50: =RANK(N50,$N$7:$N$307,0) -> 44 | R50: =RANK(O50,$O$7:$O$307,1) -> 146 | S50: =RANK(J50,$J$7:$J$307,0) -> 50 | T50: =IF(O50<0.05,"YES","no") -> no | U50: =IF(P50<0.05,"YES","no") -> no | V50: =IF(N50>1,"YES","no") -> no
A51: Methionine | B51: D00019 | C51: High | D51: 150.05829 | E51: 9.553 | F51: 82070427 | G51: 34061797 | H51: 89392277 | I51: 25065669 | J51: 85731352 | K51: 1.0892142 | L51: 0.12328775 | M51: 0.13291749 | N51: 0.76101667 | O51: 0.68126121 | P51: 0.88116818 | Q51: =RANK(N51,$N$7:$N$307,0) -> 45 | R51: =RANK(O51,$O$7:$O$307,1) -> 232 | S51: =RANK(J51,$J$7:$J$307,0) -> 31 | T51: =IF(O51<0.05,"YES","no") -> no | U51: =IF(P51<0.05,"YES","no") -> no | V51: =IF(N51>1,"YES","no") -> no
A52: IMP | C52: High | D52: 349.05452 | E52: 9.655 | F52: 56953337 | G52: 46166172 | H52: 74315784 | I52: 29715094 | J52: 65634560 | K52: 1.3048539 | L52: 0.38388829 | M52: 0.23792454 | N52: 0.75445975 | O52: 0.45947715 | P52: 0.78576173 | Q52: =RANK(N52,$N$7:$N$307,0) -> 46 | R52: =RANK(O52,$O$7:$O$307,1) -> 176 | S52: =RANK(J52,$J$7:$J$307,0) -> 34 | T52: =IF(O52<0.05,"YES","no") -> no | U52: =IF(P52<0.05,"YES","no") -> no | V52: =IF(N52>1,"YES","no") -> no
A53: L-Glutathione oxidized | C53: Medium | D53: 611.14469 | E53: 10.174 | F53: 40267314 | G53: 10729977 | H53: 51309775 | I53: 18389338 | J53: 45788545 | K53: 1.2742289 | L53: 0.34962448 | M53: 0.37278474 | N53: 0.74993033 | O53: 0.23941518 | P53: 0.64620656 | Q53: =RANK(N53,$N$7:$N$307,0) -> 47 | R53: =RANK(O53,$O$7:$O$307,1) -> 111 | S53: =RANK(J53,$J$7:$J$307,0) -> 44 | T53: =IF(O53<0.05,"YES","no") -> no | U53: =IF(P53<0.05,"YES","no") -> no | V53: =IF(N53>1,"YES","no") -> no
A54: UDP-N-Acetylgalactosamine | B54: C00043 | C54: High | D54: 606.07472 | E54: 8.878 | F54: 26055033 | G54: 9906064.1 | H54: 25256067 | I54: 13243058 | J54: 25655550 | K54: 0.96933545 | L54: -0.044932075 | M54: 0.03739507 | N54: 0.72152072 | O54: 0.90832817 | P54: 0.94986086 | Q54: =RANK(N54,$N$7:$N$307,0) -> 48 | R54: =RANK(O54,$O$7:$O$307,1) -> 287 | S54: =RANK(J54,$J$7:$J$307,0) -> 66 | T54: =IF(O54<0.05,"YES","no") -> no | U54: =IF(P54<0.05,"YES","no") -> no | V54: =IF(N54>1,"YES","no") -> no
A55: 1-Methylnicotinamide | B55: C02918 | C55: Medium | D55: 137.0709 | E55: 7.233 | F55: 51111419 | G55: 19224997 | H55: 42325363 | I55: 16462157 | J55: 46718391 | K55: 0.82809993 | L55: -0.27212322 | M55: 0.25966686 | N55: 0.70583668 | O55: 0.41550986 | P55: 0.76979649 | Q55: =RANK(N55,$N$7:$N$307,0) -> 49 | R55: =RANK(O55,$O$7:$O$307,1) -> 162 | S55: =RANK(J55,$J$7:$J$307,0) -> 43 | T55: =IF(O55<0.05,"YES","no") -> no | U55: =IF(P55<0.05,"YES","no") -> no | V55: =IF(N55>1,"YES","no") -> no
A56: Cytosine | C56: High | D56: 112.05047 | E56: 9.687 | F56: 9916370.2 | G56: 2240651.2 | H56: 16210521 | I56: 5764003.3 | J56: 13063445 | K56: 1.6347232 | L56: 0.70904639 | M56: 0.61910983 | N56: 0.69896631 | O56: 0.044084081 | P56: 0.47836486 | Q56: =RANK(N56,$N$7:$N$307,0) -> 50 | R56: =RANK(O56,$O$7:$O$307,1) -> 26 | S56: =RANK(J56,$J$7:$J$307,0) -> 91 | T56: =IF(O56<0.05,"YES","no") -> YES | U56: =IF(P56<0.05,"YES","no") -> no | V56: =IF(N56>1,"YES","no") -> no
A57: 2-Methylbenzoate | C57: High | D57: 135.04513 | E57: 5.018 | F57: 14678602 | G57: 4006842.2 | H57: 11207891 | I57: 3935270.7 | J57: 12943247 | K57: 0.76355303 | L57: -0.38919974 | M57: 0.43177133 | N57: 0.66035121 | O57: 0.16104365 | P57: 0.5908156 | Q57: =RANK(N57,$N$7:$N$307,0) -> 51 | R57: =RANK(O57,$O$7:$O$307,1) -> 82 | S57: =RANK(J57,$J$7:$J$307,0) -> 92 | T57: =IF(O57<0.05,"YES","no") -> no | U57: =IF(P57<0.05,"YES","no") -> no | V57: =IF(N57>1,"YES","no") -> no
A58: UDP-Glucuronate | B58: C00167 | C58: High | D58: 579.0272 | E58: 10.234 | F58: 4011300.8 | G58: 862378.21 | H58: 8800707.3 | I58: 3477901 | J58: 6406004.1 | K58: 2.1939784 | L58: 1.1335493 | M58: 0.71927634 | N58: 0.65959237 | O58: 0.018669207 | P58: 0.47836486 | Q58: =RANK(N58,$N$7:$N$307,0) -> 52 | R58: =RANK(O58,$O$7:$O$307,1) -> 11 | S58: =RANK(J58,$J$7:$J$307,0) -> 116 | T58: =IF(O58<0.05,"YES","no") -> YES | U58: =IF(P58<0.05,"YES","no") -> no | V58: =IF(N58>1,"YES","no") -> no
A59: Prolylleucine | C59: Medium | D59: 229.15467 | E59: 9.96 | F59: 17043639 | G59: 17798890 | H59: 7798890.5 | I59: 3420809.3 | J59: 12421265 | K59: 0.45758366 | L59: -1.1278926 | M59: 0.36745464 | N59: 0.65433986 | O59: 0.26322439 | P59: 0.65148254 | Q59: =RANK(N59,$N$7:$N$307,0) -> 53 | R59: =RANK(O59,$O$7:$O$307,1) -> 120 | S59: =RANK(J59,$J$7:$J$307,0) -> 94 | T59: =IF(O59<0.05,"YES","no") -> no | U59: =IF(P59<0.05,"YES","no") -> no | V59: =IF(N59>1,"YES","no") -> no
A60: 3-Phosphoglycerate | C60: High | D60: 184.9856 | E60: 10.471 | F60: 7414247.6 | G60: 3669697.4 | H60: 3802713 | I60: 1744581.9 | J60: 5608480.3 | K60: 0.51289263 | L60: -0.96327124 | M60: 0.56707622 | N60: 0.65105086 | O60: 0.06510971 | P60: 0.53720932 | Q60: =RANK(N60,$N$7:$N$307,0) -> 54 | R60: =RANK(O60,$O$7:$O$307,1) -> 36 | S60: =RANK(J60,$J$7:$J$307,0) -> 123 | T60: =IF(O60<0.05,"YES","no") -> no | U60: =IF(P60<0.05,"YES","no") -> no | V60: =IF(N60>1,"YES","no") -> no
A61: Anserine | C61: High | D61: 241.12961 | E61: 11.667 | F61: 18773302 | G61: 19424760 | H61: 9159904.8 | I61: 7316748.5 | J61: 13966603 | K61: 0.48792189 | L61: -1.0352779 | M61: 0.33767386 | N61: 0.6436867 | O61: 0.2973569 | P61: 0.65206015 | Q61: =RANK(N61,$N$7:$N$307,0) -> 55 | R61: =RANK(O61,$O$7:$O$307,1) -> 134 | S61: =RANK(J61,$J$7:$J$307,0) -> 89 | T61: =IF(O61<0.05,"YES","no") -> no | U61: =IF(P61<0.05,"YES","no") -> no | V61: =IF(N61>1,"YES","no") -> no
A62: N-Methylaspartate | C62: Medium | D62: 130.04983 | E62: 8.854 | F62: 4484073 | G62: 1691023.3 | H62: 9630406 | I62: 4635080 | J62: 7057239.5 | K62: 2.1476916 | L62: 1.1027869 | M62: 0.62845602 | N62: 0.63819569 | O62: 0.041348832 | P62: 0.47836486 | Q62: =RANK(N62,$N$7:$N$307,0) -> 56 | R62: =RANK(O62,$O$7:$O$307,1) -> 24 | S62: =RANK(J62,$J$7:$J$307,0) -> 113 | T62: =IF(O62<0.05,"YES","no") -> YES | U62: =IF(P62<0.05,"YES","no") -> no | V62: =IF(N62>1,"YES","no") -> no
A63: Pyruvic acid | B63: C00022 | C63: Medium | D63: 87.00868 | E63: 6.813 | F63: 21286891 | G63: 7569898.2 | H63: 18404008 | I63: 7586011.4 | J63: 19845449 | K63: 0.86457004 | L63: -0.20994525 | M63: 0.20398873 | N63: 0.63399054 | O63: 0.52482608 | P63: 0.82277423 | Q63: =RANK(N63,$N$7:$N$307,0) -> 57 | R63: =RANK(O63,$O$7:$O$307,1) -> 192 | S63: =RANK(J63,$J$7:$J$307,0) -> 72 | T63: =IF(O63<0.05,"YES","no") -> no | U63: =IF(P63<0.05,"YES","no") -> no | V63: =IF(N63>1,"YES","no") -> no
A64: Histamine | C64: Medium | D64: 112.08688 | E64: 11.095 | F64: 25384037 | G64: 12626016 | H64: 18029472 | I64: 7973425.7 | J64: 21706754 | K64: 0.71026809 | L64: -0.49356443 | M64: 0.35643755 | N64: 0.62685962 | O64: 0.26038952 | P64: 0.65148254 | Q64: =RANK(N64,$N$7:$N$307,0) -> 58 | R64: =RANK(O64,$O$7:$O$307,1) -> 117 | S64: =RANK(J64,$J$7:$J$307,0) -> 69 | T64: =IF(O64<0.05,"YES","no") -> no | U64: =IF(P64<0.05,"YES","no") -> no | V64: =IF(N64>1,"YES","no") -> no
A65: 3-Methoxypropanoic acid | C65: Medium | D65: 103.04004 | E65: 8.188 | F65: 5988002 | G65: 4243921.9 | H65: 1927968.1 | I65: 625216 | J65: 3957985 | K65: 0.32197185 | L65: -1.6349935 | M65: 0.59125217 | N65: 0.62227408 | O65: 0.066035697 | P65: 0.53720932 | Q65: =RANK(N65,$N$7:$N$307,0) -> 59 | R65: =RANK(O65,$O$7:$O$307,1) -> 37 | S65: =RANK(J65,$J$7:$J$307,0) -> 140 | T65: =IF(O65<0.05,"YES","no") -> no | U65: =IF(P65<0.05,"YES","no") -> no | V65: =IF(N65>1,"YES","no") -> no
A66: UMP | C66: High | D66: 323.02841 | E66: 9.303 | F66: 22827510 | G66: 5702546.1 | H66: 29231006 | I66: 7047711 | J66: 26029258 | K66: 1.2805167 | L66: 0.35672601 | M66: 0.47998006 | N66: 0.62201028 | O66: 0.11560829 | P66: 0.56999663 | Q66: =RANK(N66,$N$7:$N$307,0) -> 60 | R66: =RANK(O66,$O$7:$O$307,1) -> 60 | S66: =RANK(J66,$J$7:$J$307,0) -> 64 | T66: =IF(O66<0.05,"YES","no") -> no | U66: =IF(P66<0.05,"YES","no") -> no | V66: =IF(N66>1,"YES","no") -> no
A67: Hypotaurine | B67: C00519 | C67: High | D67: 110.02696 | E67: 11.333 | F67: 19966073 | G67: 11244335 | H67: 22370307 | I67: 28272021 | J67: 21168190 | K67: 1.120416 | L67: 0.16403444 | M67: 0.061093539 | N67: 0.61049047 | O67: 0.85239366 | P67: 0.92348194 | Q67: =RANK(N67,$N$7:$N$307,0) -> 61 | R67: =RANK(O67,$O$7:$O$307,1) -> 276 | S67: =RANK(J67,$J$7:$J$307,0) -> 71 | T67: =IF(O67<0.05,"YES","no") -> no | U67: =IF(P67<0.05,"YES","no") -> no | V67: =IF(N67>1,"YES","no") -> no
A68: Ascorbate | C68: High | D68: 175.0248 | E68: 9.306 | F68: 54192577 | G68: 6405601.9 | H68: 62074022 | I68: 13642243 | J68: 58133299 | K68: 1.145434 | L68: 0.19589437 | M68: 0.3754397 | N68: 0.60851105 | O68: 0.24044895 | P68: 0.64620656 | Q68: =RANK(N68,$N$7:$N$307,0) -> 62 | R68: =RANK(O68,$O$7:$O$307,1) -> 112 | S68: =RANK(J68,$J$7:$J$307,0) -> 41 | T68: =IF(O68<0.05,"YES","no") -> no | U68: =IF(P68<0.05,"YES","no") -> no | V68: =IF(N68>1,"YES","no") -> no
A69: O-Phosphoethanolamine | C69: Medium | D69: 140.01177 | E69: 11 | F69: 7641773.7 | G69: 1944342.7 | H69: 4571361.9 | I69: 1083253.2 | J69: 6106567.8 | K69: 0.59820692 | L69: -0.7412835 | M69: 0.73014166 | N69: 0.60480813 | O69: 0.0099625533 | P69: 0.44787788 | Q69: =RANK(N69,$N$7:$N$307,0) -> 63 | R69: =RANK(O69,$O$7:$O$307,1) -> 6 | S69: =RANK(J69,$J$7:$J$307,0) -> 120 | T69: =IF(O69<0.05,"YES","no") -> YES | U69: =IF(P69<0.05,"YES","no") -> no | V69: =IF(N69>1,"YES","no") -> no
A70: Carnosine | C70: High | D70: 227.11387 | E70: 11.951 | F70: 9558734.1 | G70: 10577466 | H70: 3009671.5 | I70: 2202474.1 | J70: 6284202.8 | K70: 0.31486089 | L70: -1.6672135 | M70: 0.42500731 | N70: 0.60284345 | O70: 0.19317368 | P70: 0.59937915 | Q70: =RANK(N70,$N$7:$N$307,0) -> 64 | R70: =RANK(O70,$O$7:$O$307,1) -> 97 | S70: =RANK(J70,$J$7:$J$307,0) -> 117 | T70: =IF(O70<0.05,"YES","no") -> no | U70: =IF(P70<0.05,"YES","no") -> no | V70: =IF(N70>1,"YES","no") -> no
A71: Cytidine | B71: D07769 | C71: High | D71: 244.09276 | E71: 9.689 | F71: 5696458.8 | G71: 1472805 | H71: 10392389 | I71: 4455738.3 | J71: 8044423.7 | K71: 1.8243595 | L71: 0.86739003 | M71: 0.61262424 | N71: 0.60184927 | O71: 0.049189941 | P71: 0.47836486 | Q71: =RANK(N71,$N$7:$N$307,0) -> 65 | R71: =RANK(O71,$O$7:$O$307,1) -> 30 | S71: =RANK(J71,$J$7:$J$307,0) -> 108 | T71: =IF(O71<0.05,"YES","no") -> YES | U71: =IF(P71<0.05,"YES","no") -> no | V71: =IF(N71>1,"YES","no") -> no
A72: Phosphocreatine | C72: High | D72: 212.04317 | E72: 9.518 | F72: 6193389.9 | G72: 7846924.9 | H72: 600512.22 | I72: 542614.04 | J72: 3396951.1 | K72: 0.096960183 | L72: -3.3664638 | M72: 0.48244102 | N72: 0.59318245 | O72: 0.14147642 | P72: 0.5908156 | Q72: =RANK(N72,$N$7:$N$307,0) -> 66 | R72: =RANK(O72,$O$7:$O$307,1) -> 69 | S72: =RANK(J72,$J$7:$J$307,0) -> 146 | T72: =IF(O72<0.05,"YES","no") -> no | U72: =IF(P72<0.05,"YES","no") -> no | V72: =IF(N72>1,"YES","no") -> no
A73: Inosine | C73: High | D73: 269.08805 | E73: 8.957 | F73: 14264162 | G73: 6811101.9 | H73: 20438750 | I73: 7126968.7 | J73: 17351456 | K73: 1.4328742 | L73: 0.51891199 | M73: 0.4365 | N73: 0.58908776 | O73: 0.15604885 | P73: 0.5908156 | Q73: =RANK(N73,$N$7:$N$307,0) -> 67 | R73: =RANK(O73,$O$7:$O$307,1) -> 77 | S73: =RANK(J73,$J$7:$J$307,0) -> 79 | T73: =IF(O73<0.05,"YES","no") -> no | U73: =IF(P73<0.05,"YES","no") -> no | V73: =IF(N73>1,"YES","no") -> no
A74: Nicotinamide | B74: D00036 | C74: Medium | D74: 123.05519 | E74: 7.786 | F74: 38281477 | G74: 8931608.9 | H74: 37486847 | I74: 13876478 | J74: 37884162 | K74: 0.97924243 | L74: -0.030262023 | M74: 0.037272709 | N74: 0.58236502 | O74: 0.90883697 | P74: 0.94986086 | Q74: =RANK(N74,$N$7:$N$307,0) -> 68 | R74: =RANK(O74,$O$7:$O$307,1) -> 288 | S74: =RANK(J74,$J$7:$J$307,0) -> 49 | T74: =IF(O74<0.05,"YES","no") -> no | U74: =IF(P74<0.05,"YES","no") -> no | V74: =IF(N74>1,"YES","no") -> no
A75: GMP | C75: High | D75: 362.05046 | E75: 10.29 | F75: 32878555 | G75: 6973166.4 | H75: 38895295 | I75: 9890316 | J75: 35886925 | K75: 1.1829989 | L75: 0.24244877 | M75: 0.35939353 | N75: 0.57807936 | O75: 0.25428353 | P75: 0.65148254 | Q75: =RANK(N75,$N$7:$N$307,0) -> 69 | R75: =RANK(O75,$O$7:$O$307,1) -> 115 | S75: =RANK(J75,$J$7:$J$307,0) -> 52 | T75: =IF(O75<0.05,"YES","no") -> no | U75: =IF(P75<0.05,"YES","no") -> no | V75: =IF(N75>1,"YES","no") -> no
A76: Myristic Acid | C76: Medium | D76: 227.20158 | E76: 3.747 | F76: 41957267 | G76: 27642676 | H76: 37186848 | I76: 8231698.1 | J76: 39572058 | K76: 0.88630293 | L76: -0.17412822 | M76: 0.12707699 | N76: 0.55583934 | O76: 0.69970396 | P76: 0.89235148 | Q76: =RANK(N76,$N$7:$N$307,0) -> 70 | R76: =RANK(O76,$O$7:$O$307,1) -> 236 | S76: =RANK(J76,$J$7:$J$307,0) -> 48 | T76: =IF(O76<0.05,"YES","no") -> no | U76: =IF(P76<0.05,"YES","no") -> no | V76: =IF(N76>1,"YES","no") -> no
A77: Tyrosine | B77: D00022 | C77: High | D77: 182.08114 | E77: 10.237 | F77: 28634382 | G77: 8839715.6 | H77: 23125870 | I77: 5943352.3 | J77: 25880126 | K77: 0.80762597 | L77: -0.30824079 | M77: 0.37184854 | N77: 0.54868331 | O77: 0.23792035 | P77: 0.64620656 | Q77: =RANK(N77,$N$7:$N$307,0) -> 71 | R77: =RANK(O77,$O$7:$O$307,1) -> 109 | S77: =RANK(J77,$J$7:$J$307,0) -> 65 | T77: =IF(O77<0.05,"YES","no") -> no | U77: =IF(P77<0.05,"YES","no") -> no | V77: =IF(N77>1,"YES","no") -> no
A78: Glutaryl-L-carnitine | C78: High | D78: 276.14413 | E78: 9.52 | F78: 5249441.3 | G78: 3341265.2 | H78: 10013089 | I78: 6458630.4 | J78: 7631265.4 | K78: 1.9074581 | L78: 0.93165137 | M78: 0.45250788 | N78: 0.54200908 | O78: 0.14976411 | P78: 0.5908156 | Q78: =RANK(N78,$N$7:$N$307,0) -> 72 | R78: =RANK(O78,$O$7:$O$307,1) -> 74 | S78: =RANK(J78,$J$7:$J$307,0) -> 110 | T78: =IF(O78<0.05,"YES","no") -> no | U78: =IF(P78<0.05,"YES","no") -> no | V78: =IF(N78>1,"YES","no") -> no
A79: FAD | C79: High | D79: 786.16461 | E79: 7.79 | F79: 29865029 | G79: 11615692 | H79: 36119567 | I79: 12440596 | J79: 32992298 | K79: 1.2094268 | L79: 0.27432349 | M79: 0.27376932 | N79: 0.54171035 | O79: 0.38931348 | P79: 0.74988898 | Q79: =RANK(N79,$N$7:$N$307,0) -> 73 | R79: =RANK(O79,$O$7:$O$307,1) -> 156 | S79: =RANK(J79,$J$7:$J$307,0) -> 56 | T79: =IF(O79<0.05,"YES","no") -> no | U79: =IF(P79<0.05,"YES","no") -> no | V79: =IF(N79>1,"YES","no") -> no
A80: ADP | C80: High | D80: 426.02172 | E80: 10.067 | F80: 30510820 | G80: 9640831.4 | H80: 30377788 | I80: 12857956 | J80: 30444304 | K80: 0.99563985 | L80: -0.0063041268 | M80: 0.0064118482 | N80: 0.52743226 | O80: 0.9842525 | P80: 0.99083613 | Q80: =RANK(N80,$N$7:$N$307,0) -> 74 | R80: =RANK(O80,$O$7:$O$307,1) -> 299 | S80: =RANK(J80,$J$7:$J$307,0) -> 62 | T80: =IF(O80<0.05,"YES","no") -> no | U80: =IF(P80<0.05,"YES","no") -> no | V80: =IF(N80>1,"YES","no") -> no
A81: Pipecolate | B81: C00408 | C81: High | D81: 130.0862 | E81: 10.393 | F81: 9534373.6 | G81: 1486595.2 | H81: 7132902.1 | I81: 1822975.7 | J81: 8333637.8 | K81: 0.74812488 | L81: -0.41864899 | M81: 0.62028321 | N81: 0.52315651 | O81: 0.032282271 | P81: 0.47836486 | Q81: =RANK(N81,$N$7:$N$307,0) -> 75 | R81: =RANK(O81,$O$7:$O$307,1) -> 17 | S81: =RANK(J81,$J$7:$J$307,0) -> 106 | T81: =IF(O81<0.05,"YES","no") -> YES | U81: =IF(P81<0.05,"YES","no") -> no | V81: =IF(N81>1,"YES","no") -> no
A82: Ethyl acetoacetate | C82: Medium | D82: 103.03887 | E82: 11.251 | F82: 38801602 | G82: 5699387.9 | H82: 43119017 | I82: 6781093.8 | J82: 40960309 | K82: 1.111269 | L82: 0.15220805 | M82: 0.35320228 | N82: 0.51780789 | O82: 0.26087168 | P82: 0.65148254 | Q82: =RANK(N82,$N$7:$N$307,0) -> 76 | R82: =RANK(O82,$O$7:$O$307,1) -> 118 | S82: =RANK(J82,$J$7:$J$307,0) -> 46 | T82: =IF(O82<0.05,"YES","no") -> no | U82: =IF(P82<0.05,"YES","no") -> no | V82: =IF(N82>1,"YES","no") -> no
A83: 2-Aminoadipic acid | C83: High | D83: 162.07603 | E83: 9.989 | F83: 27732069 | G83: 9518949.9 | H83: 35213324 | I83: 21026915 | J83: 31472696 | K83: 1.2697691 | L83: 0.34456616 | M83: 0.24351064 | N83: 0.49970379 | O83: 0.4534153 | P83: 0.77987432 | Q83: =RANK(N83,$N$7:$N$307,0) -> 77 | R83: =RANK(O83,$O$7:$O$307,1) -> 175 | S83: =RANK(J83,$J$7:$J$307,0) -> 59 | T83: =IF(O83<0.05,"YES","no") -> no | U83: =IF(P83<0.05,"YES","no") -> no | V83: =IF(N83>1,"YES","no") -> no
A84: Gluconate | C84: High | D84: 195.05091 | E84: 9.065 | F84: 9806915.4 | G84: 2907820.5 | H84: 13525073 | I84: 4359071.9 | J84: 11665994 | K84: 1.3791363 | L84: 0.46376501 | M84: 0.48167573 | N84: 0.49592823 | O84: 0.11729704 | P84: 0.56999663 | Q84: =RANK(N84,$N$7:$N$307,0) -> 78 | R84: =RANK(O84,$O$7:$O$307,1) -> 61 | S84: =RANK(J84,$J$7:$J$307,0) -> 97 | T84: =IF(O84<0.05,"YES","no") -> no | U84: =IF(P84<0.05,"YES","no") -> no | V84: =IF(N84>1,"YES","no") -> no
A85: Hexanoylcarnitine | C85: Medium | D85: 260.18566 | E85: 7.525 | F85: 29965156 | G85: 12908231 | H85: 33470051 | I85: 16290840 | J85: 31717603 | K85: 1.1169657 | L85: 0.1595849 | M85: 0.12951748 | N85: 0.49423811 | O85: 0.68873512 | P85: 0.88216711 | Q85: =RANK(N85,$N$7:$N$307,0) -> 79 | R85: =RANK(O85,$O$7:$O$307,1) -> 235 | S85: =RANK(J85,$J$7:$J$307,0) -> 58 | T85: =IF(O85<0.05,"YES","no") -> no | U85: =IF(P85<0.05,"YES","no") -> no | V85: =IF(N85>1,"YES","no") -> no
A86: Ribose 5-phosphate | C86: High | D86: 229.01174 | E86: 9.596 | F86: 9174611 | G86: 2222010.8 | H86: 12663127 | I86: 3678096.6 | J86: 10918869 | K86: 1.3802358 | L86: 0.4649148 | M86: 0.53232833 | N86: 0.48727442 | O86: 0.08099733 | P86: 0.54552574 | Q86: =RANK(N86,$N$7:$N$307,0) -> 80 | R86: =RANK(O86,$O$7:$O$307,1) -> 43 | S86: =RANK(J86,$J$7:$J$307,0) -> 99 | T86: =IF(O86<0.05,"YES","no") -> no | U86: =IF(P86<0.05,"YES","no") -> no | V86: =IF(N86>1,"YES","no") -> no
A87: 4-Aminobenzoic acid | B87: D02907 | C87: Medium | D87: 138.0549 | E87: 10.341 | F87: 66480442 | G87: 15141139 | H87: 62920566 | I87: 11225569 | J87: 64700504 | K87: 0.94645228 | L87: -0.079398325 | M87: 0.14475524 | N87: 0.48364066 | O87: 0.65435345 | P87: 0.88116818 | Q87: =RANK(N87,$N$7:$N$307,0) -> 81 | R87: =RANK(O87,$O$7:$O$307,1) -> 220 | S87: =RANK(J87,$J$7:$J$307,0) -> 35 | T87: =IF(O87<0.05,"YES","no") -> no | U87: =IF(P87<0.05,"YES","no") -> no | V87: =IF(N87>1,"YES","no") -> no
A88: Cytidine 5'-diphosphocholine | B88: C00307 | C88: Medium | D88: 489.11475 | E88: 10.202 | F88: 6924807.3 | G88: 3184924.3 | H88: 4488327 | I88: 1258797.3 | J88: 5706567.2 | K88: 0.6481519 | L88: -0.62559614 | M88: 0.48264999 | N88: 0.48312787 | O88: 0.12802691 | P88: 0.5908156 | Q88: =RANK(N88,$N$7:$N$307,0) -> 82 | R88: =RANK(O88,$O$7:$O$307,1) -> 65 | S88: =RANK(J88,$J$7:$J$307,0) -> 121 | T88: =IF(O88<0.05,"YES","no") -> no | U88: =IF(P88<0.05,"YES","no") -> no | V88: =IF(N88>1,"YES","no") -> no
A89: Linoleic acid | B89: D01928 | C89: Medium | D89: 279.23253 | E89: 3.685 | F89: 1.0162116e+08 | G89: 64048170 | H89: 1.148538e+08 | I89: 44039074 | J89: 1.0823748e+08 | K89: 1.1302154 | L89: 0.17659771 | M89: 0.13073807 | N89: 0.47797665 | O89: 0.68658919 | P89: 0.88216711 | Q89: =RANK(N89,$N$7:$N$307,0) -> 83 | R89: =RANK(O89,$O$7:$O$307,1) -> 234 | S89: =RANK(J89,$J$7:$J$307,0) -> 28 | T89: =IF(O89<0.05,"YES","no") -> no | U89: =IF(P89<0.05,"YES","no") -> no | V89: =IF(N89>1,"YES","no") -> no
A90: Threonine | B90: C12317 | C90: High | D90: 120.0655 | E90: 10.871 | F90: 34052537 | G90: 5753520.6 | H90: 37327711 | I90: 8955648.9 | J90: 35690124 | K90: 1.09618 | L90: 0.13248476 | M90: 0.23183846 | N90: 0.46934114 | O90: 0.47134404 | P90: 0.78576173 | Q90: =RANK(N90,$N$7:$N$307,0) -> 84 | R90: =RANK(O90,$O$7:$O$307,1) -> 179 | S90: =RANK(J90,$J$7:$J$307,0) -> 53 | T90: =IF(O90<0.05,"YES","no") -> no | U90: =IF(P90<0.05,"YES","no") -> no | V90: =IF(N90>1,"YES","no") -> no
A91: 3-Hydroxyisobutyrate | C91: High | D91: 103.03999 | E91: 7.484 | F91: 5495971.2 | G91: 3510638.8 | H91: 3529626.2 | I91: 1851901.1 | J91: 4512798.7 | K91: 0.64222065 | L91: -0.63885904 | M91: 0.35826785 | N91: 0.46612813 | O91: 0.26138258 | P91: 0.65148254 | Q91: =RANK(N91,$N$7:$N$307,0) -> 85 | R91: =RANK(O91,$O$7:$O$307,1) -> 119 | S91: =RANK(J91,$J$7:$J$307,0) -> 132 | T91: =IF(O91<0.05,"YES","no") -> no | U91: =IF(P91<0.05,"YES","no") -> no | V91: =IF(N91>1,"YES","no") -> no
A92: L-Lysine | C92: High | D92: 147.11272 | E92: 18.232 | F92: 42190744 | G92: 18057806 | H92: 48921318 | I92: 12460923 | J92: 45556031 | K92: 1.1595273 | L92: 0.21353674 | M92: 0.23118809 | N92: 0.46525195 | O92: 0.47183002 | P92: 0.78576173 | Q92: =RANK(N92,$N$7:$N$307,0) -> 86 | R92: =RANK(O92,$O$7:$O$307,1) -> 180 | S92: =RANK(J92,$J$7:$J$307,0) -> 45 | T92: =IF(O92<0.05,"YES","no") -> no | U92: =IF(P92<0.05,"YES","no") -> no | V92: =IF(N92>1,"YES","no") -> no
A93: Dihydronicotinamide-adenine dinucleotide | C93: Medium | D93: 664.11878 | E93: 8.315 | F93: 3643753.2 | G93: 1969903.7 | H93: 1779067 | I93: 950583.89 | J93: 2711410.1 | K93: 0.48825123 | L93: -1.0343044 | M93: 0.55105068 | N93: 0.46335651 | O93: 0.074015356 | P93: 0.54552574 | Q93: =RANK(N93,$N$7:$N$307,0) -> 87 | R93: =RANK(O93,$O$7:$O$307,1) -> 40 | S93: =RANK(J93,$J$7:$J$307,0) -> 161 | T93: =IF(O93<0.05,"YES","no") -> no | U93: =IF(P93<0.05,"YES","no") -> no | V93: =IF(N93>1,"YES","no") -> no
A94: 4-Toluic acid | B94: C01454 | C94: Medium | D94: 135.04506 | E94: 6.688 | F94: 4791262.9 | G94: 1334204.9 | H94: 3385142.1 | I94: 1077708.9 | J94: 4088202.5 | K94: 0.70652396 | L94: -0.50118961 | M94: 0.53608734 | N94: 0.45125598 | O94: 0.073645551 | P94: 0.54552574 | Q94: =RANK(N94,$N$7:$N$307,0) -> 88 | R94: =RANK(O94,$O$7:$O$307,1) -> 39 | S94: =RANK(J94,$J$7:$J$307,0) -> 137 | T94: =IF(O94<0.05,"YES","no") -> no | U94: =IF(P94<0.05,"YES","no") -> no | V94: =IF(N94>1,"YES","no") -> no
A95: Adenine | C95: High | D95: 134.04719 | E95: 7.989 | F95: 29590362 | G95: 5042860.6 | H95: 32830472 | I95: 7895469.3 | J95: 31210417 | K95: 1.1094988 | L95: 0.14990812 | M95: 0.25877045 | N95: 0.4490542 | O95: 0.42012526 | P95: 0.770575 | Q95: =RANK(N95,$N$7:$N$307,0) -> 89 | R95: =RANK(O95,$O$7:$O$307,1) -> 164 | S95: =RANK(J95,$J$7:$J$307,0) -> 60 | T95: =IF(O95<0.05,"YES","no") -> no | U95: =IF(P95<0.05,"YES","no") -> no | V95: =IF(N95>1,"YES","no") -> no
A96: Ile-Gln | C96: Medium | D96: 260.16046 | E96: 6.994 | F96: 4046979.7 | G96: 2183157.6 | H96: 7313177.6 | I96: 4228997.7 | J96: 5680078.7 | K96: 1.8070705 | L96: 0.85365278 | M96: 0.46939059 | N96: 0.443831 | O96: 0.13383966 | P96: 0.5908156 | Q96: =RANK(N96,$N$7:$N$307,0) -> 90 | R96: =RANK(O96,$O$7:$O$307,1) -> 66 | S96: =RANK(J96,$J$7:$J$307,0) -> 122 | T96: =IF(O96<0.05,"YES","no") -> no | U96: =IF(P96<0.05,"YES","no") -> no | V96: =IF(N96>1,"YES","no") -> no
A97: Tryptophan | C97: High | D97: 205.09714 | E97: 9.665 | F97: 18693641 | G97: 7364209.6 | H97: 20527436 | I97: 7691990.5 | J97: 19610539 | K97: 1.0980973 | L97: 0.13500584 | M97: 0.13221886 | N97: 0.43973901 | O97: 0.68210029 | P97: 0.88116818 | Q97: =RANK(N97,$N$7:$N$307,0) -> 91 | R97: =RANK(O97,$O$7:$O$307,1) -> 233 | S97: =RANK(J97,$J$7:$J$307,0) -> 73 | T97: =IF(O97<0.05,"YES","no") -> no | U97: =IF(P97<0.05,"YES","no") -> no | V97: =IF(N97>1,"YES","no") -> no
A98: Phosphoric acid | C98: Medium | D98: 96.96949 | E98: 10.445 | F98: 3.0935941e+08 | G98: 1.0167841e+08 | H98: 3.1986365e+08 | I98: 81444663 | J98: 3.1461153e+08 | K98: 1.0339548 | L98: 0.048173116 | M98: 0.062334949 | N98: 0.43806975 | O98: 0.84757501 | P98: 0.92348194 | Q98: =RANK(N98,$N$7:$N$307,0) -> 92 | R98: =RANK(O98,$O$7:$O$307,1) -> 274 | S98: =RANK(J98,$J$7:$J$307,0) -> 13 | T98: =IF(O98<0.05,"YES","no") -> no | U98: =IF(P98<0.05,"YES","no") -> no | V98: =IF(N98>1,"YES","no") -> no
A99: UTP | C99: High | D99: 484.97581 | E99: 10.423 | F99: 3220433.5 | G99: 1104300.3 | H99: 1542237.2 | I99: 1232790.3 | J99: 2381335.4 | K99: 0.47889119 | L99: -1.0622302 | M99: 0.61767888 | N99: 0.43778781 | O99: 0.032598202 | P99: 0.47836486 | Q99: =RANK(N99,$N$7:$N$307,0) -> 93 | R99: =RANK(O99,$O$7:$O$307,1) -> 18 | S99: =RANK(J99,$J$7:$J$307,0) -> 167 | T99: =IF(O99<0.05,"YES","no") -> YES | U99: =IF(P99<0.05,"YES","no") -> no | V99: =IF(N99>1,"YES","no") -> no
A100: 4-Guanidinobutanoate | C100: High | D100: 146.09241 | E100: 11.851 | F100: 14111986 | G100: 6158910.9 | H100: 10446374 | I100: 4389578.4 | J100: 12279180 | K100: 0.74024829 | L100: -0.43391884 | M100: 0.35147138 | N100: 0.43350568 | O100: 0.26541645 | P100: 0.65148254 | Q100: =RANK(N100,$N$7:$N$307,0) -> 94 | R100: =RANK(O100,$O$7:$O$307,1) -> 121 | S100: =RANK(J100,$J$7:$J$307,0) -> 95 | T100: =IF(O100<0.05,"YES","no") -> no | U100: =IF(P100<0.05,"YES","no") -> no | V100: =IF(N100>1,"YES","no") -> no
A101: Thr-Thr | C101: Medium | D101: 219.0986 | E101: 8.148 | F101: 885589.72 | G101: 629037.99 | H101: 3101199 | I101: 1862559.7 | J101: 1993394.3 | K101: 3.5018462 | L101: 1.8081157 | M101: 0.65764231 | N101: 0.43169614 | O101: 0.032130492 | P101: 0.47836486 | Q101: =RANK(N101,$N$7:$N$307,0) -> 95 | R101: =RANK(O101,$O$7:$O$307,1) -> 16 | S101: =RANK(J101,$J$7:$J$307,0) -> 175 | T101: =IF(O101<0.05,"YES","no") -> YES | U101: =IF(P101<0.05,"YES","no") -> no | V101: =IF(N101>1,"YES","no") -> no
A102: 3-Hydroxybutyrate | C102: High | D102: 103.04002 | E102: 6.831 | F102: 7866758.2 | G102: 3952293.2 | H102: 6106750 | I102: 3642735.1 | J102: 6986754.1 | K102: 0.77627274 | L102: -0.36536446 | M102: 0.24585374 | N102: 0.42764681 | O102: 0.44127349 | P102: 0.77987432 | Q102: =RANK(N102,$N$7:$N$307,0) -> 96 | R102: =RANK(O102,$O$7:$O$307,1) -> 168 | S102: =RANK(J102,$J$7:$J$307,0) -> 114 | T102: =IF(O102<0.05,"YES","no") -> no | U102: =IF(P102<0.05,"YES","no") -> no | V102: =IF(N102>1,"YES","no") -> no
...

Sheet scW control vs CMVS
A1: scW: control vs CMVS — VIP scores and p-values
A2: All 301 confidently annotated (L1/L2) metabolites, sorted by VIP descending. n = 6 control vs 6 CMVS.
A3: VIP from PLS-DA, 2 components, Pareto scaling, no log transform. p-value = Welch t-test (unequal variances). FDR = Benjamini-Hochberg across all 301 metabolites.
A4: VIP > 1 means an above-average contribution to the model; it is NOT a significance test and carries no error control.
A6: Metabolite | B6: KEGG ID | C6: Annotation confidence | D6: m/z | E6: RT (min) | F6: Mean peak area (control) | G6: SD (control) | H6: Mean peak area (CMVS) | I6: SD (CMVS) | J6: Mean peak area (all) | K6: Fold change | L6: log2 fold change | M6: |r| with group | N6: VIP score | O6: p-value (Welch) | P6: FDR q-value (BH) | Q6: VIP rank | R6: p-value rank | S6: Peak area rank | T6: Significant (p<0.05) | U6: Passes FDR<0.05 | V6: VIP > 1
A7: L-Carnitine | B7: C00318 | C7: High | D7: 162.11233 | E7: 11.266 | F7: 1.0404348e+09 | G7: 3.8512585e+08 | H7: 2.0269431e+09 | I7: 3.3960831e+08 | J7: 1.5336889e+09 | K7: 1.9481692 | L7: 0.96211897 | M7: 0.83001763 | N7: 8.606609 | O7: 0.00086983914 | P7: 0.020140122 | Q7: =RANK(N7,$N$7:$N$307,0) -> 1 | R7: =RANK(O7,$O$7:$O$307,1) -> 13 | S7: =RANK(J7,$J$7:$J$307,0) -> 1 | T7: =IF(O7<0.05,"YES","no") -> YES | U7: =IF(P7<0.05,"YES","no") -> YES | V7: =IF(N7>1,"YES","no") -> YES
A8: Creatine | B8: C00300 | C8: High | D8: 132.07663 | E8: 11.358 | F8: 1.2824011e+09 | G8: 8.2581931e+08 | H8: 1.4078343e+09 | I8: 1.3147861e+08 | J8: 1.3451177e+09 | K8: 1.0978112 | L8: 0.13462996 | M8: 0.11541322 | N8: 5.5914859 | O8: 0.72764339 | P8: 0.81118763 | Q8: =RANK(N8,$N$7:$N$307,0) -> 2 | R8: =RANK(O8,$O$7:$O$307,1) -> 270 | S8: =RANK(J8,$J$7:$J$307,0) -> 2 | T8: =IF(O8<0.05,"YES","no") -> no | U8: =IF(P8<0.05,"YES","no") -> no | V8: =IF(N8>1,"YES","no") -> YES
A9: O-Acetyl-L-carnitine | C9: High | D9: 204.12298 | E9: 10.121 | F9: 4.4674362e+08 | G9: 2.5248505e+08 | H9: 3.9255033e+08 | I9: 1.0539847e+08 | J9: 4.1964698e+08 | K9: 0.87869265 | L9: -0.18656947 | M9: 0.15165297 | N9: 4.0320952 | O9: 0.64302801 | P9: 0.74157637 | Q9: =RANK(N9,$N$7:$N$307,0) -> 3 | R9: =RANK(O9,$O$7:$O$307,1) -> 261 | S9: =RANK(J9,$J$7:$J$307,0) -> 4 | T9: =IF(O9<0.05,"YES","no") -> no | U9: =IF(P9<0.05,"YES","no") -> no | V9: =IF(N9>1,"YES","no") -> YES
A10: Adenosine | C10: High | D10: 268.104 | E10: 8.014 | F10: 1.5018848e+08 | G10: 43538726 | H10: 3.4290926e+08 | I10: 78291103 | J10: 2.4654887e+08 | K10: 2.2831928 | L10: 1.1910527 | M10: 0.85745619 | N10: 4.0170773 | O10: 0.00081262579 | P10: 0.020140122 | Q10: =RANK(N10,$N$7:$N$307,0) -> 4 | R10: =RANK(O10,$O$7:$O$307,1) -> 12 | S10: =RANK(J10,$J$7:$J$307,0) -> 9 | T10: =IF(O10<0.05,"YES","no") -> YES | U10: =IF(P10<0.05,"YES","no") -> YES | V10: =IF(N10>1,"YES","no") -> YES
A11: Betaine | C11: High | D11: 118.08616 | E11: 10.135 | F11: 5.1986313e+08 | G11: 1.8674074e+08 | H11: 6.9700044e+08 | I11: 1.3417283e+08 | J11: 6.0843178e+08 | K11: 1.3407384 | L11: 0.42302772 | M11: 0.51241634 | N11: 3.3952853 | O11: 0.091506106 | P11: 0.18485462 | Q11: =RANK(N11,$N$7:$N$307,0) -> 5 | R11: =RANK(O11,$O$7:$O$307,1) -> 149 | S11: =RANK(J11,$J$7:$J$307,0) -> 3 | T11: =IF(O11<0.05,"YES","no") -> no | U11: =IF(P11<0.05,"YES","no") -> no | V11: =IF(N11>1,"YES","no") -> YES
A12: Taurine | B12: D00047 | C12: High | D12: 126.0218 | E12: 10.855 | F12: 3.0995749e+08 | G12: 1.0747099e+08 | H12: 4.8730676e+08 | I12: 82309223 | J12: 3.9863213e+08 | K12: 1.5721729 | L12: 0.65275984 | M12: 0.71228549 | N12: 3.3693065 | O12: 0.010148442 | P12: 0.054950671 | Q12: =RANK(N12,$N$7:$N$307,0) -> 6 | R12: =RANK(O12,$O$7:$O$307,1) -> 54 | S12: =RANK(J12,$J$7:$J$307,0) -> 5 | T12: =IF(O12<0.05,"YES","no") -> YES | U12: =IF(P12<0.05,"YES","no") -> no | V12: =IF(N12>1,"YES","no") -> YES
A13: Glutamine | C13: High | D13: 147.07637 | E13: 11.11 | F13: 1.9557461e+08 | G13: 67193449 | H13: 3.1922041e+08 | I13: 31840424 | J13: 2.5739751e+08 | K13: 1.6322181 | L13: 0.70683385 | M13: 0.78989724 | N13: 2.962282 | O13: 0.0045389071 | P13: 0.035942561 | Q13: =RANK(N13,$N$7:$N$307,0) -> 7 | R13: =RANK(O13,$O$7:$O$307,1) -> 37 | S13: =RANK(J13,$J$7:$J$307,0) -> 8 | T13: =IF(O13<0.05,"YES","no") -> YES | U13: =IF(P13<0.05,"YES","no") -> YES | V13: =IF(N13>1,"YES","no") -> YES
A14: Lactic Acid | B14: D02111 | C14: Medium | D14: 89.02433 | E14: 7.221 | F14: 2.6361209e+08 | G14: 2.3743605e+08 | H14: 3.8074393e+08 | I14: 78248501 | J14: 3.2217801e+08 | K14: 1.4443341 | L14: 0.5304045 | M14: 0.34115116 | N14: 2.9428197 | O14: 0.29429603 | P14: 0.41201444 | Q14: =RANK(N14,$N$7:$N$307,0) -> 8 | R14: =RANK(O14,$O$7:$O$307,1) -> 215 | S14: =RANK(J14,$J$7:$J$307,0) -> 7 | T14: =IF(O14<0.05,"YES","no") -> no | U14: =IF(P14<0.05,"YES","no") -> no | V14: =IF(N14>1,"YES","no") -> YES
A15: Niacinamide | C15: High | D15: 123.05518 | E15: 6.893 | F15: 1.6886508e+08 | G15: 42910269 | H15: 2.6957834e+08 | I15: 53758939 | J15: 2.1922171e+08 | K15: 1.5964127 | L15: 0.67483362 | M15: 0.75007491 | N15: 2.6380134 | O15: 0.0053518355 | P15: 0.037462848 | Q15: =RANK(N15,$N$7:$N$307,0) -> 9 | R15: =RANK(O15,$O$7:$O$307,1) -> 43 | S15: =RANK(J15,$J$7:$J$307,0) -> 10 | T15: =IF(O15<0.05,"YES","no") -> YES | U15: =IF(P15<0.05,"YES","no") -> YES | V15: =IF(N15>1,"YES","no") -> YES
A16: L-Proline | C16: High | D16: 116.07051 | E16: 10.722 | F16: 1.631018e+08 | G16: 91496712 | H16: 2.7383755e+08 | I16: 48496334 | J16: 2.1846967e+08 | K16: 1.6789364 | L16: 0.74754761 | M16: 0.63789973 | N16: 2.6310643 | O16: 0.032039163 | P16: 0.097412 | Q16: =RANK(N16,$N$7:$N$307,0) -> 10 | R16: =RANK(O16,$O$7:$O$307,1) -> 99 | S16: =RANK(J16,$J$7:$J$307,0) -> 11 | T16: =IF(O16<0.05,"YES","no") -> YES | U16: =IF(P16<0.05,"YES","no") -> no | V16: =IF(N16>1,"YES","no") -> YES
A17: Histamine | C17: Medium | D17: 112.08688 | E17: 11.095 | F17: 1.6597984e+08 | G17: 86253112 | H17: 78721823 | I17: 39953311 | J17: 1.2235083e+08 | K17: 0.47428546 | L17: -1.0761725 | M17: 0.57948708 | N17: 2.3646555 | O17: 0.059057289 | P17: 0.13674034 | Q17: =RANK(N17,$N$7:$N$307,0) -> 11 | R17: =RANK(O17,$O$7:$O$307,1) -> 130 | S17: =RANK(J17,$J$7:$J$307,0) -> 15 | T17: =IF(O17<0.05,"YES","no") -> no | U17: =IF(P17<0.05,"YES","no") -> no | V17: =IF(N17>1,"YES","no") -> YES
A18: Phosphorylcholine | C18: High | D18: 184.07327 | E18: 11.86 | F18: 48471179 | G18: 41271154 | H18: 1.322099e+08 | I18: 79304141 | J18: 90340539 | K18: 2.7275982 | L18: 1.4476311 | M18: 0.58725446 | N18: 2.1092138 | O18: 0.052920578 | P18: 0.12793424 | Q18: =RANK(N18,$N$7:$N$307,0) -> 12 | R18: =RANK(O18,$O$7:$O$307,1) -> 123 | S18: =RANK(J18,$J$7:$J$307,0) -> 21 | T18: =IF(O18<0.05,"YES","no") -> no | U18: =IF(P18<0.05,"YES","no") -> no | V18: =IF(N18>1,"YES","no") -> YES
A19: L-Histidine | C19: High | D19: 156.0766 | E19: 13.639 | F19: 78099745 | G19: 39852249 | H19: 1.4526892e+08 | I19: 31183098 | J19: 1.1168433e+08 | K19: 1.8600435 | L19: 0.89533637 | M19: 0.71686768 | N19: 2.1021658 | O19: 0.0093532126 | P19: 0.054950671 | Q19: =RANK(N19,$N$7:$N$307,0) -> 13 | R19: =RANK(O19,$O$7:$O$307,1) -> 50 | S19: =RANK(J19,$J$7:$J$307,0) -> 17 | T19: =IF(O19<0.05,"YES","no") -> YES | U19: =IF(P19<0.05,"YES","no") -> no | V19: =IF(N19>1,"YES","no") -> YES
A20: Glutamate | C20: High | D20: 148.06035 | E20: 9.8 | F20: 1.4105361e+08 | G20: 44267005 | H20: 2.1256951e+08 | I20: 55521767 | J20: 1.7681156e+08 | K20: 1.5070122 | L20: 0.59169112 | M20: 0.61509531 | N20: 2.0456173 | O20: 0.034373827 | P20: 0.10143649 | Q20: =RANK(N20,$N$7:$N$307,0) -> 14 | R20: =RANK(O20,$O$7:$O$307,1) -> 102 | S20: =RANK(J20,$J$7:$J$307,0) -> 12 | T20: =IF(O20<0.05,"YES","no") -> YES | U20: =IF(P20<0.05,"YES","no") -> no | V20: =IF(N20>1,"YES","no") -> YES
A21: Glycerophosphocholine | C21: Medium | D21: 258.11003 | E21: 11.271 | F21: 94270142 | G21: 44420088 | H21: 1.6325194e+08 | I21: 62091383 | J21: 1.2876104e+08 | K21: 1.7317459 | L21: 0.79222728 | M21: 0.57340408 | N21: 2.0004923 | O21: 0.053978898 | P21: 0.12793424 | Q21: =RANK(N21,$N$7:$N$307,0) -> 15 | R21: =RANK(O21,$O$7:$O$307,1) -> 127 | S21: =RANK(J21,$J$7:$J$307,0) -> 14 | T21: =IF(O21<0.05,"YES","no") -> no | U21: =IF(P21<0.05,"YES","no") -> no | V21: =IF(N21>1,"YES","no") -> YES
A22: Phosphoric acid | C22: Medium | D22: 96.96949 | E22: 10.445 | F22: 1.3852018e+08 | G22: 67269447 | H22: 2.0318092e+08 | I22: 49595229 | J22: 1.7085055e+08 | K22: 1.4667965 | L22: 0.55266877 | M22: 0.51404811 | N22: 1.9641267 | O22: 0.089895313 | P22: 0.18282763 | Q22: =RANK(N22,$N$7:$N$307,0) -> 16 | R22: =RANK(O22,$O$7:$O$307,1) -> 148 | S22: =RANK(J22,$J$7:$J$307,0) -> 13 | T22: =IF(O22<0.05,"YES","no") -> no | U22: =IF(P22<0.05,"YES","no") -> no | V22: =IF(N22>1,"YES","no") -> YES
A23: Methionine | B23: D00019 | C23: High | D23: 150.05829 | E23: 9.553 | F23: 42117273 | G23: 27398158 | H23: 92305379 | I23: 20387247 | J23: 67211326 | K23: 2.1916276 | L23: 1.1320027 | M23: 0.75128213 | N23: 1.8438749 | O23: 0.0055113399 | P23: 0.037702575 | Q23: =RANK(N23,$N$7:$N$307,0) -> 17 | R23: =RANK(O23,$O$7:$O$307,1) -> 44 | S23: =RANK(J23,$J$7:$J$307,0) -> 28 | T23: =IF(O23<0.05,"YES","no") -> YES | U23: =IF(P23<0.05,"YES","no") -> YES | V23: =IF(N23>1,"YES","no") -> YES
A24: Pantothenate | C24: High | D24: 220.11801 | E24: 6.937 | F24: 66071055 | G24: 16105017 | H24: 1.1246383e+08 | I24: 29430044 | J24: 89267441 | K24: 1.7021649 | L24: 0.76737078 | M24: 0.73096918 | N24: 1.7868026 | O24: 0.010000359 | P24: 0.054950671 | Q24: =RANK(N24,$N$7:$N$307,0) -> 18 | R24: =RANK(O24,$O$7:$O$307,1) -> 53 | S24: =RANK(J24,$J$7:$J$307,0) -> 22 | T24: =IF(O24<0.05,"YES","no") -> YES | U24: =IF(P24<0.05,"YES","no") -> no | V24: =IF(N24>1,"YES","no") -> YES
A25: Inosine | C25: High | D25: 269.08805 | E25: 8.957 | F25: 8178938.8 | G25: 4682154.3 | H25: 48935149 | I25: 26522740 | J25: 28557044 | K25: 5.9830683 | L25: 2.5808855 | M25: 0.76076475 | N25: 1.7319849 | O25: 0.01246925 | P25: 0.060536197 | Q25: =RANK(N25,$N$7:$N$307,0) -> 19 | R25: =RANK(O25,$O$7:$O$307,1) -> 62 | S25: =RANK(J25,$J$7:$J$307,0) -> 48 | T25: =IF(O25<0.05,"YES","no") -> YES | U25: =IF(P25<0.05,"YES","no") -> no | V25: =IF(N25>1,"YES","no") -> YES
A26: Phenylalanine | C26: High | D26: 166.08629 | E26: 8.757 | F26: 33378282 | G26: 13592983 | H26: 71064969 | I26: 19025638 | J26: 52221626 | K26: 2.1290781 | L26: 1.0902289 | M26: 0.78049078 | N26: 1.6277868 | O26: 0.0033291539 | P26: 0.031314854 | Q26: =RANK(N26,$N$7:$N$307,0) -> 20 | R26: =RANK(O26,$O$7:$O$307,1) -> 32 | S26: =RANK(J26,$J$7:$J$307,0) -> 32 | T26: =IF(O26<0.05,"YES","no") -> YES | U26: =IF(P26<0.05,"YES","no") -> YES | V26: =IF(N26>1,"YES","no") -> YES
A27: L-Arginine | B27: C02385 | C27: High | D27: 175.11886 | E27: 18.84 | F27: 43043162 | G27: 28798034 | H27: 87384841 | I27: 30861155 | J27: 65214001 | K27: 2.0301678 | L27: 1.021599 | M27: 0.6311545 | N27: 1.6224752 | O27: 0.027837519 | P27: 0.090428594 | Q27: =RANK(N27,$N$7:$N$307,0) -> 21 | R27: =RANK(O27,$O$7:$O$307,1) -> 90 | S27: =RANK(J27,$J$7:$J$307,0) -> 29 | T27: =IF(O27<0.05,"YES","no") -> YES | U27: =IF(P27<0.05,"YES","no") -> no | V27: =IF(N27>1,"YES","no") -> YES
A28: 4-Aminobenzoic acid | B28: D02907 | C28: Medium | D28: 138.0549 | E28: 10.341 | F28: 36465558 | G28: 14446596 | H28: 73128770 | I28: 18741177 | J28: 54797164 | K28: 2.0054203 | L28: 1.0039046 | M28: 0.76826169 | N28: 1.6004392 | O28: 0.0039328063 | P28: 0.034122804 | Q28: =RANK(N28,$N$7:$N$307,0) -> 22 | R28: =RANK(O28,$O$7:$O$307,1) -> 34 | S28: =RANK(J28,$J$7:$J$307,0) -> 31 | T28: =IF(O28<0.05,"YES","no") -> YES | U28: =IF(P28<0.05,"YES","no") -> YES | V28: =IF(N28>1,"YES","no") -> YES
A29: DELTA-VALEROBETAINE | C29: Medium | D29: 160.13315 | E29: 12.211 | F29: 52606281 | G29: 16530598 | H29: 99214426 | I29: 45366498 | J29: 75910353 | K29: 1.8859806 | L29: 0.91531484 | M29: 0.59882359 | N29: 1.6004284 | O29: 0.053924938 | P29: 0.12793424 | Q29: =RANK(N29,$N$7:$N$307,0) -> 23 | R29: =RANK(O29,$O$7:$O$307,1) -> 126 | S29: =RANK(J29,$J$7:$J$307,0) -> 26 | T29: =IF(O29<0.05,"YES","no") -> no | U29: =IF(P29<0.05,"YES","no") -> no | V29: =IF(N29>1,"YES","no") -> YES
A30: Stachydrine | C30: High | D30: 144.10188 | E30: 10.062 | F30: 78536226 | G30: 30798804 | H30: 1.1754813e+08 | I30: 17096876 | J30: 98042177 | K30: 1.4967377 | L30: 0.58182138 | M30: 0.65109928 | N30: 1.5362239 | O30: 0.027123808 | P30: 0.090428594 | Q30: =RANK(N30,$N$7:$N$307,0) -> 24 | R30: =RANK(O30,$O$7:$O$307,1) -> 88 | S30: =RANK(J30,$J$7:$J$307,0) -> 18 | T30: =IF(O30<0.05,"YES","no") -> YES | U30: =IF(P30<0.05,"YES","no") -> no | V30: =IF(N30>1,"YES","no") -> YES
A31: Hypoxanthine | C31: High | D31: 175.00169 | E31: 8.607 | F31: 14646463 | G31: 4677960 | H31: 44027164 | I31: 18435406 | J31: 29336814 | K31: 3.0059928 | L31: 1.5878416 | M31: 0.7673168 | N31: 1.468391 | O31: 0.010253697 | P31: 0.054950671 | Q31: =RANK(N31,$N$7:$N$307,0) -> 25 | R31: =RANK(O31,$O$7:$O$307,1) -> 55 | S31: =RANK(J31,$J$7:$J$307,0) -> 46 | T31: =IF(O31<0.05,"YES","no") -> YES | U31: =IF(P31<0.05,"YES","no") -> no | V31: =IF(N31>1,"YES","no") -> YES
A32: L-Lysine | C32: High | D32: 147.11272 | E32: 18.232 | F32: 32765810 | G32: 26559509 | H32: 66759055 | I32: 23459620 | J32: 49762433 | K32: 2.0374609 | L32: 1.0267723 | M32: 0.59642081 | N32: 1.4386826 | O32: 0.041024179 | P32: 0.11433591 | Q32: =RANK(N32,$N$7:$N$307,0) -> 26 | R32: =RANK(O32,$O$7:$O$307,1) -> 108 | S32: =RANK(J32,$J$7:$J$307,0) -> 33 | T32: =IF(O32<0.05,"YES","no") -> YES | U32: =IF(P32<0.05,"YES","no") -> no | V32: =IF(N32>1,"YES","no") -> YES
A33: Ergothioneine | C33: High | D33: 230.09567 | E33: 11.253 | F33: 21162272 | G33: 3682694 | H33: 44077862 | I33: 6723555.9 | J33: 32620067 | K33: 2.0828511 | L33: 1.0585597 | M33: 0.91804093 | N33: 1.4266292 | O33: 9.6299025e-05 | P33: 0.014493003 | Q33: =RANK(N33,$N$7:$N$307,0) -> 27 | R33: =RANK(O33,$O$7:$O$307,1) -> 2 | S33: =RANK(J33,$J$7:$J$307,0) -> 43 | T33: =IF(O33<0.05,"YES","no") -> YES | U33: =IF(P33<0.05,"YES","no") -> YES | V33: =IF(N33>1,"YES","no") -> YES
A34: Xanthine | C34: High | D34: 151.02624 | E34: 8.62 | F34: 11264421 | G34: 4410372.2 | H34: 35591492 | I34: 13048014 | J34: 23427956 | K34: 3.159638 | L34: 1.6597593 | M34: 0.80733267 | N34: 1.4004944 | O34: 0.0047114688 | P34: 0.035942561 | Q34: =RANK(N34,$N$7:$N$307,0) -> 28 | R34: =RANK(O34,$O$7:$O$307,1) -> 38 | S34: =RANK(J34,$J$7:$J$307,0) -> 54 | T34: =IF(O34<0.05,"YES","no") -> YES | U34: =IF(P34<0.05,"YES","no") -> YES | V34: =IF(N34>1,"YES","no") -> YES
A35: Linoleic acid | B35: D01928 | C35: Medium | D35: 279.23253 | E35: 3.685 | F35: 93439745 | G35: 87446067 | H35: 44075700 | I35: 47377602 | J35: 68757723 | K35: 0.47170185 | L35: -1.0840528 | M35: 0.35885646 | N35: 1.3092765 | O35: 0.2600121 | P35: 0.37446718 | Q35: =RANK(N35,$N$7:$N$307,0) -> 29 | R35: =RANK(O35,$O$7:$O$307,1) -> 209 | S35: =RANK(J35,$J$7:$J$307,0) -> 27 | T35: =IF(O35<0.05,"YES","no") -> no | U35: =IF(P35<0.05,"YES","no") -> no | V35: =IF(N35>1,"YES","no") -> YES
A36: Deoxycarnitine | C36: High | D36: 146.11753 | E36: 11.962 | F36: 28471696 | G36: 6904145.6 | H36: 49834108 | I36: 8965518.3 | J36: 39152902 | K36: 1.7503035 | L36: 0.80760507 | M36: 0.82544641 | N36: 1.274437 | O36: 0.0011156869 | P36: 0.021480234 | Q36: =RANK(N36,$N$7:$N$307,0) -> 30 | R36: =RANK(O36,$O$7:$O$307,1) -> 15 | S36: =RANK(J36,$J$7:$J$307,0) -> 38 | T36: =IF(O36<0.05,"YES","no") -> YES | U36: =IF(P36<0.05,"YES","no") -> YES | V36: =IF(N36>1,"YES","no") -> YES
A37: Anserine | C37: High | D37: 241.12961 | E37: 11.667 | F37: 9969130.1 | G37: 21933574 | H37: 1092104.9 | I37: 588646.19 | J37: 5530617.5 | K37: 0.10954867 | L37: -3.1903562 | M37: 0.29904371 | N37: 1.2171294 | O37: 0.36712395 | P37: 0.4884266 | Q37: =RANK(N37,$N$7:$N$307,0) -> 31 | R37: =RANK(O37,$O$7:$O$307,1) -> 225 | S37: =RANK(J37,$J$7:$J$307,0) -> 100 | T37: =IF(O37<0.05,"YES","no") -> no | U37: =IF(P37<0.05,"YES","no") -> no | V37: =IF(N37>1,"YES","no") -> YES
A38: Sarcosine | C38: High | D38: 90.05487 | E38: 11.327 | F38: 72135994 | G38: 41774655 | H38: 81196497 | I38: 20075693 | J38: 76666246 | K38: 1.1256031 | L38: 0.17069818 | M38: 0.14971741 | N38: 1.1825587 | O38: 0.64626418 | P38: 0.74246381 | Q38: =RANK(N38,$N$7:$N$307,0) -> 32 | R38: =RANK(O38,$O$7:$O$307,1) -> 262 | S38: =RANK(J38,$J$7:$J$307,0) -> 25 | T38: =IF(O38<0.05,"YES","no") -> no | U38: =IF(P38<0.05,"YES","no") -> no | V38: =IF(N38>1,"YES","no") -> YES
A39: Adenine | C39: High | D39: 134.04719 | E39: 7.989 | F39: 23469587 | G39: 5729138.6 | H39: 41889110 | I39: 8991348.8 | J39: 32679349 | K39: 1.7848252 | L39: 0.83578275 | M39: 0.80105747 | N39: 1.1780649 | O39: 0.0025119392 | P39: 0.031314854 | Q39: =RANK(N39,$N$7:$N$307,0) -> 33 | R39: =RANK(O39,$O$7:$O$307,1) -> 23 | S39: =RANK(J39,$J$7:$J$307,0) -> 42 | T39: =IF(O39<0.05,"YES","no") -> YES | U39: =IF(P39<0.05,"YES","no") -> YES | V39: =IF(N39>1,"YES","no") -> YES
A40: Trimethylamine N-Oxide | C40: High | D40: 76.07564 | E40: 12.042 | F40: 6772379.6 | G40: 3304015.3 | H40: 21994769 | I40: 3760457.1 | J40: 14383574 | K40: 3.2477165 | L40: 1.6994257 | M40: 0.92048577 | N40: 1.1663674 | O40: 2.3966691e-05 | P40: 0.007213974 | Q40: =RANK(N40,$N$7:$N$307,0) -> 34 | R40: =RANK(O40,$O$7:$O$307,1) -> 1 | S40: =RANK(J40,$J$7:$J$307,0) -> 66 | T40: =IF(O40<0.05,"YES","no") -> YES | U40: =IF(P40<0.05,"YES","no") -> YES | V40: =IF(N40>1,"YES","no") -> YES
A41: Tyrosine | B41: D00022 | C41: High | D41: 182.08114 | E41: 10.237 | F41: 17944354 | G41: 11895499 | H41: 39852600 | I41: 13454955 | J41: 28898477 | K41: 2.2208991 | L41: 1.1511438 | M41: 0.68680393 | N41: 1.1640605 | O41: 0.013834379 | P41: 0.062151465 | Q41: =RANK(N41,$N$7:$N$307,0) -> 35 | R41: =RANK(O41,$O$7:$O$307,1) -> 67 | S41: =RANK(J41,$J$7:$J$307,0) -> 47 | T41: =IF(O41<0.05,"YES","no") -> YES | U41: =IF(P41<0.05,"YES","no") -> no | V41: =IF(N41>1,"YES","no") -> YES
A42: Glutathione Reduced | B42: C02471 | C42: High | D42: 308.09115 | E42: 9.381 | F42: 73540694 | G42: 27932941 | H42: 1.0819833e+08 | I42: 50523194 | J42: 90869511 | K42: 1.4712715 | L42: 0.55706351 | M42: 0.4216554 | N42: 1.1528063 | O42: 0.18059771 | P42: 0.29069471 | Q42: =RANK(N42,$N$7:$N$307,0) -> 36 | R42: =RANK(O42,$O$7:$O$307,1) -> 187 | S42: =RANK(J42,$J$7:$J$307,0) -> 20 | T42: =IF(O42<0.05,"YES","no") -> no | U42: =IF(P42<0.05,"YES","no") -> no | V42: =IF(N42>1,"YES","no") -> YES
A43: 2-Methylpyrazine | C43: Medium | D43: 95.06033 | E43: 11.093 | F43: 58692975 | G43: 30877919 | H43: 32296883 | I43: 10886774 | J43: 45494929 | K43: 0.55026828 | L43: -0.86179292 | M43: 0.52968689 | N43: 1.1204709 | O43: 0.093984214 | P43: 0.18734602 | Q43: =RANK(N43,$N$7:$N$307,0) -> 37 | R43: =RANK(O43,$O$7:$O$307,1) -> 151 | S43: =RANK(J43,$J$7:$J$307,0) -> 36 | T43: =IF(O43<0.05,"YES","no") -> no | U43: =IF(P43<0.05,"YES","no") -> no | V43: =IF(N43>1,"YES","no") -> YES
A44: Threonine | B44: C12317 | C44: High | D44: 120.0655 | E44: 10.871 | F44: 16495557 | G44: 8331575.1 | H44: 32777268 | I44: 4523227.2 | J44: 24636413 | K44: 1.9870362 | L44: 0.99061814 | M44: 0.79934821 | N44: 1.0824282 | O44: 0.0032222306 | P44: 0.031314854 | Q44: =RANK(N44,$N$7:$N$307,0) -> 38 | R44: =RANK(O44,$O$7:$O$307,1) -> 30 | S44: =RANK(J44,$J$7:$J$307,0) -> 51 | T44: =IF(O44<0.05,"YES","no") -> YES | U44: =IF(P44<0.05,"YES","no") -> YES | V44: =IF(N44>1,"YES","no") -> YES
A45: 4-Guanidinobutanoate | C45: High | D45: 146.09241 | E45: 11.851 | F45: 18963609 | G45: 2823680.3 | H45: 30192000 | I45: 7190602.2 | J45: 24577804 | K45: 1.592102 | L45: 0.67093276 | M45: 0.74766276 | N45: 1.0505862 | O45: 0.010409638 | P45: 0.054950671 | Q45: =RANK(N45,$N$7:$N$307,0) -> 39 | R45: =RANK(O45,$O$7:$O$307,1) -> 56 | S45: =RANK(J45,$J$7:$J$307,0) -> 52 | T45: =IF(O45<0.05,"YES","no") -> YES | U45: =IF(P45<0.05,"YES","no") -> no | V45: =IF(N45>1,"YES","no") -> YES
A46: Urocanate | C46: High | D46: 139.05016 | E46: 8.782 | F46: 88609977 | G46: 50115635 | H46: 86343786 | I46: 21840811 | J46: 87476881 | K46: 0.9744251 | L46: -0.037376795 | M46: 0.032093318 | N46: 1.0202505 | O46: 0.92203672 | P46: 0.95701052 | Q46: =RANK(N46,$N$7:$N$307,0) -> 40 | R46: =RANK(O46,$O$7:$O$307,1) -> 290 | S46: =RANK(J46,$J$7:$J$307,0) -> 23 | T46: =IF(O46<0.05,"YES","no") -> no | U46: =IF(P46<0.05,"YES","no") -> no | V46: =IF(N46>1,"YES","no") -> YES
A47: Cytosine | C47: High | D47: 112.05047 | E47: 9.687 | F47: 6985669.2 | G47: 5764422.2 | H47: 22401535 | I47: 9718072.9 | J47: 14693602 | K47: 3.2067844 | L47: 1.6811274 | M47: 0.72636277 | N47: 1.0037046 | O47: 0.0099671028 | P47: 0.054950671 | Q47: =RANK(N47,$N$7:$N$307,0) -> 41 | R47: =RANK(O47,$O$7:$O$307,1) -> 52 | S47: =RANK(J47,$J$7:$J$307,0) -> 64 | T47: =IF(O47<0.05,"YES","no") -> YES | U47: =IF(P47<0.05,"YES","no") -> no | V47: =IF(N47>1,"YES","no") -> YES
A48: Creatinine | C48: High | D48: 114.06614 | E48: 8.762 | F48: 40889713 | G48: 32096943 | H48: 52881060 | I48: 9359308.2 | J48: 46885387 | K48: 1.2932607 | L48: 0.37101315 | M48: 0.26767935 | N48: 0.96496964 | O48: 0.41430942 | P48: 0.53092497 | Q48: =RANK(N48,$N$7:$N$307,0) -> 42 | R48: =RANK(O48,$O$7:$O$307,1) -> 234 | S48: =RANK(J48,$J$7:$J$307,0) -> 34 | T48: =IF(O48<0.05,"YES","no") -> no | U48: =IF(P48<0.05,"YES","no") -> no | V48: =IF(N48>1,"YES","no") -> no
A49: Choline | C49: Medium | D49: 104.10686 | E49: 8.911 | F49: 3.5209187e+08 | G49: 1.4154746e+08 | H49: 3.3529129e+08 | I49: 1.5108258e+08 | J49: 3.4369158e+08 | K49: 0.95228352 | L49: -0.070536924 | M49: 0.062734919 | N49: 0.95287027 | O49: 0.84643718 | P49: 0.91126402 | Q49: =RANK(N49,$N$7:$N$307,0) -> 43 | R49: =RANK(O49,$O$7:$O$307,1) -> 279 | S49: =RANK(J49,$J$7:$J$307,0) -> 6 | T49: =IF(O49<0.05,"YES","no") -> no | U49: =IF(P49<0.05,"YES","no") -> no | V49: =IF(N49>1,"YES","no") -> no
A50: L-Citrulline | B50: D07706 | C50: High | D50: 176.10294 | E50: 11.63 | F50: 15555524 | G50: 6148072.7 | H50: 27703008 | I50: 3411313.5 | J50: 21629266 | K50: 1.7809113 | L50: 0.83261567 | M50: 0.80106069 | N50: 0.94689912 | O50: 0.0030268491 | P50: 0.031314854 | Q50: =RANK(N50,$N$7:$N$307,0) -> 44 | R50: =RANK(O50,$O$7:$O$307,1) -> 29 | S50: =RANK(J50,$J$7:$J$307,0) -> 55 | T50: =IF(O50<0.05,"YES","no") -> YES | U50: =IF(P50<0.05,"YES","no") -> YES | V50: =IF(N50>1,"YES","no") -> no
A51: N-Acetylglutamate | C51: High | D51: 188.05646 | E51: 8.846 | F51: 8542112.2 | G51: 4784582.8 | H51: 19739347 | I51: 3575601.6 | J51: 14140730 | K51: 2.3108274 | L51: 1.2084095 | M51: 0.8235933 | N51: 0.91834904 | O51: 0.0012131694 | P51: 0.021480234 | Q51: =RANK(N51,$N$7:$N$307,0) -> 45 | R51: =RANK(O51,$O$7:$O$307,1) -> 17 | S51: =RANK(J51,$J$7:$J$307,0) -> 67 | T51: =IF(O51<0.05,"YES","no") -> YES | U51: =IF(P51<0.05,"YES","no") -> YES | V51: =IF(N51>1,"YES","no") -> no
A52: Raffinose | C52: Medium | D52: 522.20298 | E52: 11.479 | F52: 1442018 | G52: 1415220.3 | H52: 12257157 | I52: 8717631.4 | J52: 6849587.3 | K52: 8.5000027 | L52: 3.0874633 | M52: 0.68819658 | N52: 0.8998143 | O52: 0.028240159 | P52: 0.090428594 | Q52: =RANK(N52,$N$7:$N$307,0) -> 46 | R52: =RANK(O52,$O$7:$O$307,1) -> 94 | S52: =RANK(J52,$J$7:$J$307,0) -> 91 | T52: =IF(O52<0.05,"YES","no") -> YES | U52: =IF(P52<0.05,"YES","no") -> no | V52: =IF(N52>1,"YES","no") -> no
A53: Succinate | C53: High | D53: 117.01927 | E53: 9.349 | F53: 14374319 | G53: 12933277 | H53: 10669807 | I53: 3375851.2 | J53: 12522063 | K53: 0.74228266 | L53: -0.42995943 | M53: 0.20989487 | N53: 0.89797042 | O53: 0.52390897 | P53: 0.62672294 | Q53: =RANK(N53,$N$7:$N$307,0) -> 47 | R53: =RANK(O53,$O$7:$O$307,1) -> 251 | S53: =RANK(J53,$J$7:$J$307,0) -> 73 | T53: =IF(O53<0.05,"YES","no") -> no | U53: =IF(P53<0.05,"YES","no") -> no | V53: =IF(N53>1,"YES","no") -> no
A54: Ascorbate | C54: High | D54: 175.0248 | E54: 9.306 | F54: 48931390 | G54: 12377605 | H54: 67335279 | I54: 22615916 | J54: 58133335 | K54: 1.3761162 | L54: 0.4606023 | M54: 0.48389231 | N54: 0.89733858 | O54: 0.11971395 | P54: 0.2176982 | Q54: =RANK(N54,$N$7:$N$307,0) -> 48 | R54: =RANK(O54,$O$7:$O$307,1) -> 163 | S54: =RANK(J54,$J$7:$J$307,0) -> 30 | T54: =IF(O54<0.05,"YES","no") -> no | U54: =IF(P54<0.05,"YES","no") -> no | V54: =IF(N54>1,"YES","no") -> no
A55: 2-Aminoadipic acid | C55: High | D55: 162.07603 | E55: 9.989 | F55: 13681240 | G55: 9098411.9 | H55: 26727649 | I55: 5818992.3 | J55: 20204444 | K55: 1.9535985 | L55: 0.96613402 | M55: 0.68324377 | N55: 0.89604516 | O55: 0.016994326 | P55: 0.071038772 | Q55: =RANK(N55,$N$7:$N$307,0) -> 49 | R55: =RANK(O55,$O$7:$O$307,1) -> 70 | S55: =RANK(J55,$J$7:$J$307,0) -> 56 | T55: =IF(O55<0.05,"YES","no") -> YES | U55: =IF(P55<0.05,"YES","no") -> no | V55: =IF(N55>1,"YES","no") -> no
A56: Tryptophan | C56: High | D56: 205.09714 | E56: 9.665 | F56: 11755737 | G56: 4624146.3 | H56: 22750769 | I56: 4217358.6 | J56: 17253253 | K56: 1.9352908 | L56: 0.95255034 | M56: 0.80582208 | N56: 0.89228912 | O56: 0.0015836372 | P56: 0.025088148 | Q56: =RANK(N56,$N$7:$N$307,0) -> 50 | R56: =RANK(O56,$O$7:$O$307,1) -> 19 | S56: =RANK(J56,$J$7:$J$307,0) -> 59 | T56: =IF(O56<0.05,"YES","no") -> YES | U56: =IF(P56<0.05,"YES","no") -> YES | V56: =IF(N56>1,"YES","no") -> no
A57: Galactose 1-phosphate | B57: C00103 | C57: High | D57: 259.02216 | E57: 10.206 | F57: 3691295.9 | G57: 3006433.7 | H57: 15349444 | I57: 8446550 | J57: 9520370 | K57: 4.1582806 | L57: 2.0559871 | M57: 0.70964498 | N57: 0.88268256 | O57: 0.0179367 | P57: 0.071038772 | Q57: =RANK(N57,$N$7:$N$307,0) -> 51 | R57: =RANK(O57,$O$7:$O$307,1) -> 76 | S57: =RANK(J57,$J$7:$J$307,0) -> 82 | T57: =IF(O57<0.05,"YES","no") -> YES | U57: =IF(P57<0.05,"YES","no") -> no | V57: =IF(N57>1,"YES","no") -> no
A58: Malate | C58: High | D58: 133.01415 | E58: 10.102 | F58: 26489694 | G58: 22993490 | H58: 39716075 | I58: 25708635 | J58: 33102885 | K58: 1.4993029 | L58: 0.58429188 | M58: 0.2847406 | N58: 0.87710681 | O58: 0.36997098 | P58: 0.4884266 | Q58: =RANK(N58,$N$7:$N$307,0) -> 52 | R58: =RANK(O58,$O$7:$O$307,1) -> 228 | S58: =RANK(J58,$J$7:$J$307,0) -> 41 | T58: =IF(O58<0.05,"YES","no") -> no | U58: =IF(P58<0.05,"YES","no") -> no | V58: =IF(N58>1,"YES","no") -> no
A59: Carnosine | C59: High | D59: 227.11387 | E59: 11.951 | F59: 5821665.9 | G59: 11993611 | H59: 1419783.7 | I59: 324515.17 | J59: 3620724.8 | K59: 0.24387928 | L59: -2.0357609 | M59: 0.27336319 | N59: 0.86980266 | O59: 0.40995314 | P59: 0.53092497 | Q59: =RANK(N59,$N$7:$N$307,0) -> 53 | R59: =RANK(O59,$O$7:$O$307,1) -> 232 | S59: =RANK(J59,$J$7:$J$307,0) -> 119 | T59: =IF(O59<0.05,"YES","no") -> no | U59: =IF(P59<0.05,"YES","no") -> no | V59: =IF(N59>1,"YES","no") -> no
A60: trans-3-Indoleacrylic acid | C60: Medium | D60: 188.07061 | E60: 9.625 | F60: 11425358 | G60: 5109346.4 | H60: 22205261 | I60: 4403826.2 | J60: 16815310 | K60: 1.9435067 | L60: 0.95866211 | M60: 0.77789519 | N60: 0.86816202 | O60: 0.0030127751 | P60: 0.031314854 | Q60: =RANK(N60,$N$7:$N$307,0) -> 54 | R60: =RANK(O60,$O$7:$O$307,1) -> 28 | S60: =RANK(J60,$J$7:$J$307,0) -> 61 | T60: =IF(O60<0.05,"YES","no") -> YES | U60: =IF(P60<0.05,"YES","no") -> YES | V60: =IF(N60>1,"YES","no") -> no
A61: D-Histidine | C61: Medium | D61: 154.06224 | E61: 12.328 | F61: 20945384 | G61: 12134032 | H61: 33150751 | I61: 10169224 | J61: 27048068 | K61: 1.5827235 | L61: 0.66240922 | M61: 0.51270501 | N61: 0.86766004 | O61: 0.08919532 | P61: 0.18282763 | Q61: =RANK(N61,$N$7:$N$307,0) -> 55 | R61: =RANK(O61,$O$7:$O$307,1) -> 145 | S61: =RANK(J61,$J$7:$J$307,0) -> 50 | T61: =IF(O61<0.05,"YES","no") -> no | U61: =IF(P61<0.05,"YES","no") -> no | V61: =IF(N61>1,"YES","no") -> no
A62: Propionylcarnitine | B62: C03017 | C62: Medium | D62: 218.13866 | E62: 9.458 | F62: 34639711 | G62: 12028070 | H62: 25415572 | I62: 19130866 | J62: 30027641 | K62: 0.73371201 | L62: -0.44671419 | M62: 0.30146946 | N62: 0.85019521 | O62: 0.34525299 | P62: 0.46928293 | Q62: =RANK(N62,$N$7:$N$307,0) -> 56 | R62: =RANK(O62,$O$7:$O$307,1) -> 221 | S62: =RANK(J62,$J$7:$J$307,0) -> 45 | T62: =IF(O62<0.05,"YES","no") -> no | U62: =IF(P62<0.05,"YES","no") -> no | V62: =IF(N62>1,"YES","no") -> no
A63: Ribose 5-phosphate | C63: High | D63: 229.01174 | E63: 9.596 | F63: 3883554.3 | G63: 1478273.8 | H63: 12485501 | I63: 3940810.2 | J63: 8184527.5 | K63: 3.2149675 | L63: 1.6848042 | M63: 0.84544783 | N63: 0.83283185 | O63: 0.00204053 | P63: 0.030709977 | Q63: =RANK(N63,$N$7:$N$307,0) -> 57 | R63: =RANK(O63,$O$7:$O$307,1) -> 20 | S63: =RANK(J63,$J$7:$J$307,0) -> 87 | T63: =IF(O63<0.05,"YES","no") -> YES | U63: =IF(P63<0.05,"YES","no") -> YES | V63: =IF(N63>1,"YES","no") -> no
A64: Glycerol 3-Phosphate | C64: High | D64: 171.00639 | E64: 9.574 | F64: 7198733.8 | G64: 11600767 | H64: 3287677 | I64: 3100550.7 | J64: 5243205.4 | K64: 0.45670212 | L64: -1.1306746 | M64: 0.24462504 | N64: 0.83217765 | O64: 0.45686154 | P64: 0.56824514 | Q64: =RANK(N64,$N$7:$N$307,0) -> 58 | R64: =RANK(O64,$O$7:$O$307,1) -> 242 | S64: =RANK(J64,$J$7:$J$307,0) -> 103 | T64: =IF(O64<0.05,"YES","no") -> no | U64: =IF(P64<0.05,"YES","no") -> no | V64: =IF(N64>1,"YES","no") -> no
A65: 6-Methylnicotinamide | C65: Medium | D65: 137.07089 | E65: 7.879 | F65: 39338649 | G65: 7207730.9 | H65: 27419185 | I65: 10377251 | J65: 33378917 | K65: 0.69700373 | L65: -0.52076172 | M65: 0.5900015 | N65: 0.82803012 | O65: 0.046442086 | P65: 0.12322015 | Q65: =RANK(N65,$N$7:$N$307,0) -> 59 | R65: =RANK(O65,$O$7:$O$307,1) -> 113 | S65: =RANK(J65,$J$7:$J$307,0) -> 40 | T65: =IF(O65<0.05,"YES","no") -> YES | U65: =IF(P65<0.05,"YES","no") -> no | V65: =IF(N65>1,"YES","no") -> no
A66: Oleic acid | B66: D02315 | C66: Medium | D66: 281.24811 | E66: 3.644 | F66: 39718060 | G66: 30305720 | H66: 20700691 | I66: 18882059 | J66: 30209376 | K66: 0.52119088 | L66: -0.94011625 | M66: 0.38137019 | N66: 0.8238444 | O66: 0.22674279 | P66: 0.34644456 | Q66: =RANK(N66,$N$7:$N$307,0) -> 60 | R66: =RANK(O66,$O$7:$O$307,1) -> 197 | S66: =RANK(J66,$J$7:$J$307,0) -> 44 | T66: =IF(O66<0.05,"YES","no") -> no | U66: =IF(P66<0.05,"YES","no") -> no | V66: =IF(N66>1,"YES","no") -> no
A67: Citrate | C67: High | D67: 191.01965 | E67: 11.31 | F67: 11105696 | G67: 5767655.4 | H67: 21109157 | I67: 6835109.1 | J67: 16107427 | K67: 1.9007504 | L67: 0.92656912 | M67: 0.6548192 | N67: 0.77052955 | O67: 0.021346188 | P67: 0.08133168 | Q67: =RANK(N67,$N$7:$N$307,0) -> 61 | R67: =RANK(O67,$O$7:$O$307,1) -> 79 | S67: =RANK(J67,$J$7:$J$307,0) -> 62 | T67: =IF(O67<0.05,"YES","no") -> YES | U67: =IF(P67<0.05,"YES","no") -> no | V67: =IF(N67>1,"YES","no") -> no
A68: IMP | C68: High | D68: 349.05452 | E68: 9.655 | F68: 12602399 | G68: 9152119.8 | H68: 9106360.1 | I68: 5973501.4 | J68: 10854380 | K68: 0.7225894 | L68: -0.468752 | M68: 0.24050882 | N68: 0.7502342 | O68: 0.45432441 | P68: 0.56743422 | Q68: =RANK(N68,$N$7:$N$307,0) -> 62 | R68: =RANK(O68,$O$7:$O$307,1) -> 241 | S68: =RANK(J68,$J$7:$J$307,0) -> 79 | T68: =IF(O68<0.05,"YES","no") -> no | U68: =IF(P68<0.05,"YES","no") -> no | V68: =IF(N68>1,"YES","no") -> no
A69: AMP | C69: High | D69: 348.07036 | E69: 9.071 | F69: 1.0860347e+08 | G69: 41235866 | H69: 1.1505551e+08 | I69: 68239707 | J69: 1.1182949e+08 | K69: 1.0594092 | L69: 0.083259917 | M69: 0.062559522 | N69: 0.71927475 | O69: 0.84768746 | P69: 0.91126402 | Q69: =RANK(N69,$N$7:$N$307,0) -> 63 | R69: =RANK(O69,$O$7:$O$307,1) -> 280 | S69: =RANK(J69,$J$7:$J$307,0) -> 16 | T69: =IF(O69<0.05,"YES","no") -> no | U69: =IF(P69<0.05,"YES","no") -> no | V69: =IF(N69>1,"YES","no") -> no
A70: Cytidine | B70: D07769 | C70: High | D70: 244.09276 | E70: 9.689 | F70: 3544481.8 | G70: 3011889.6 | H70: 11276332 | I70: 4616587.3 | J70: 7410407.1 | K70: 3.1813768 | L70: 1.6696513 | M70: 0.73579263 | N70: 0.7149183 | O70: 0.0079556916 | P70: 0.048870677 | Q70: =RANK(N70,$N$7:$N$307,0) -> 64 | R70: =RANK(O70,$O$7:$O$307,1) -> 49 | S70: =RANK(J70,$J$7:$J$307,0) -> 90 | T70: =IF(O70<0.05,"YES","no") -> YES | U70: =IF(P70<0.05,"YES","no") -> YES | V70: =IF(N70>1,"YES","no") -> no
A71: Maltotetraose | C71: High | D71: 665.215 | E71: 11.713 | F71: 1313953.3 | G71: 1590741.5 | H71: 8539736.3 | I71: 6264416.1 | J71: 4926844.8 | K71: 6.4992694 | L71: 2.7002775 | M71: 0.65463659 | N71: 0.71475958 | O71: 0.036006726 | P71: 0.1030376 | Q71: =RANK(N71,$N$7:$N$307,0) -> 65 | R71: =RANK(O71,$O$7:$O$307,1) -> 104 | S71: =RANK(J71,$J$7:$J$307,0) -> 107 | T71: =IF(O71<0.05,"YES","no") -> YES | U71: =IF(P71<0.05,"YES","no") -> no | V71: =IF(N71>1,"YES","no") -> no
A72: D-Pantothenic acid | C72: Medium | D72: 220.11791 | E72: 5.093 | F72: 8593261.7 | G72: 2874408.4 | H72: 17944778 | I72: 12595303 | J72: 13269020 | K72: 2.0882383 | L72: 1.0622863 | M72: 0.48906288 | N72: 0.68603697 | O72: 0.1308771 | P72: 0.22771102 | Q72: =RANK(N72,$N$7:$N$307,0) -> 66 | R72: =RANK(O72,$O$7:$O$307,1) -> 173 | S72: =RANK(J72,$J$7:$J$307,0) -> 71 | T72: =IF(O72<0.05,"YES","no") -> no | U72: =IF(P72<0.05,"YES","no") -> no | V72: =IF(N72>1,"YES","no") -> no
A73: Glucose 6-Phosphate | C73: High | D73: 259.02211 | E73: 10.095 | F73: 2271667.9 | G73: 2082200.2 | H73: 9523731.8 | I73: 5881623.6 | J73: 5897699.8 | K73: 4.1923963 | L73: 2.0677751 | M73: 0.66909903 | N73: 0.67411877 | O73: 0.0280891 | P73: 0.090428594 | Q73: =RANK(N73,$N$7:$N$307,0) -> 67 | R73: =RANK(O73,$O$7:$O$307,1) -> 93 | S73: =RANK(J73,$J$7:$J$307,0) -> 96 | T73: =IF(O73<0.05,"YES","no") -> YES | U73: =IF(P73<0.05,"YES","no") -> no | V73: =IF(N73>1,"YES","no") -> no
A74: Uridine | C74: High | D74: 243.06218 | E74: 8.36 | F74: 2973815.5 | G74: 868570.54 | H74: 8648923 | I74: 3338094.4 | J74: 5811369.3 | K74: 2.9083589 | L74: 1.5402053 | M74: 0.7867261 | N74: 0.64964035 | O74: 0.0077225802 | P74: 0.048427013 | Q74: =RANK(N74,$N$7:$N$307,0) -> 68 | R74: =RANK(O74,$O$7:$O$307,1) -> 48 | S74: =RANK(J74,$J$7:$J$307,0) -> 97 | T74: =IF(O74<0.05,"YES","no") -> YES | U74: =IF(P74<0.05,"YES","no") -> YES | V74: =IF(N74>1,"YES","no") -> no
A75: 1-Palmitoyl-sn-glycero-3-Phosphocholine | C75: Medium | D75: 496.33971 | E75: 4.961 | F75: 87912741 | G75: 14767281 | H75: 78495202 | I75: 24394065 | J75: 83203972 | K75: 0.8928763 | L75: -0.16346778 | M75: 0.2478361 | N75: 0.64793719 | O75: 0.44129082 | P75: 0.55345223 | Q75: =RANK(N75,$N$7:$N$307,0) -> 69 | R75: =RANK(O75,$O$7:$O$307,1) -> 240 | S75: =RANK(J75,$J$7:$J$307,0) -> 24 | T75: =IF(O75<0.05,"YES","no") -> no | U75: =IF(P75<0.05,"YES","no") -> no | V75: =IF(N75>1,"YES","no") -> no
A76: Ethyl acetoacetate | C76: Medium | D76: 103.03887 | E76: 11.251 | F76: 8113421.8 | G76: 1052373.8 | H76: 12819815 | I76: 1695785.3 | J76: 10466619 | K76: 1.5800751 | L76: 0.65999309 | M76: 0.87715568 | N76: 0.63898336 | O76: 0.00035412405 | P76: 0.020140122 | Q76: =RANK(N76,$N$7:$N$307,0) -> 70 | R76: =RANK(O76,$O$7:$O$307,1) -> 4 | S76: =RANK(J76,$J$7:$J$307,0) -> 80 | T76: =IF(O76<0.05,"YES","no") -> YES | U76: =IF(P76<0.05,"YES","no") -> YES | V76: =IF(N76>1,"YES","no") -> no
A77: Guanidinoacetate | C77: High | D77: 118.06106 | E77: 11.849 | F77: 10585729 | G77: 2545795.1 | H77: 16101000 | I77: 2542271.4 | J77: 13343365 | K77: 1.5210101 | L77: 0.6050297 | M77: 0.76489001 | N77: 0.63028984 | O77: 0.0037531499 | P77: 0.034122804 | Q77: =RANK(N77,$N$7:$N$307,0) -> 71 | R77: =RANK(O77,$O$7:$O$307,1) -> 33 | S77: =RANK(J77,$J$7:$J$307,0) -> 70 | T77: =IF(O77<0.05,"YES","no") -> YES | U77: =IF(P77<0.05,"YES","no") -> YES | V77: =IF(N77>1,"YES","no") -> no
A78: Ornithine | B78: D08302 | C78: High | D78: 133.09704 | E78: 17 | F78: 14938530 | G78: 7874348.6 | H78: 21537336 | I78: 4652088.7 | J78: 18237933 | K78: 1.4417306 | L78: 0.52780165 | M78: 0.48785591 | N78: 0.61335157 | O78: 0.11464013 | P78: 0.21432721 | Q78: =RANK(N78,$N$7:$N$307,0) -> 72 | R78: =RANK(O78,$O$7:$O$307,1) -> 161 | S78: =RANK(J78,$J$7:$J$307,0) -> 58 | T78: =IF(O78<0.05,"YES","no") -> no | U78: =IF(P78<0.05,"YES","no") -> no | V78: =IF(N78>1,"YES","no") -> no
A79: N-acetylaspartate | C79: High | D79: 174.04077 | E79: 9.006 | F79: 9901011.7 | G79: 5330182.3 | H79: 17102455 | I79: 6990088.4 | J79: 13501733 | K79: 1.7273441 | L79: 0.78855554 | M79: 0.53580066 | N79: 0.60876648 | O79: 0.074561788 | P79: 0.16146114 | Q79: =RANK(N79,$N$7:$N$307,0) -> 73 | R79: =RANK(O79,$O$7:$O$307,1) -> 139 | S79: =RANK(J79,$J$7:$J$307,0) -> 69 | T79: =IF(O79<0.05,"YES","no") -> no | U79: =IF(P79<0.05,"YES","no") -> no | V79: =IF(N79>1,"YES","no") -> no
A80: 5-(Hydroxymethyl)furfural | C80: Medium | D80: 109.02835 | E80: 9.916 | F80: 1050753.6 | G80: 1201393.6 | H80: 6635087.8 | I80: 4663596 | J80: 3842920.7 | K80: 6.3145994 | L80: 2.6586912 | M80: 0.66822492 | N80: 0.5979509 | O80: 0.031514661 | P80: 0.09679503 | Q80: =RANK(N80,$N$7:$N$307,0) -> 74 | R80: =RANK(O80,$O$7:$O$307,1) -> 98 | S80: =RANK(J80,$J$7:$J$307,0) -> 115 | T80: =IF(O80<0.05,"YES","no") -> YES | U80: =IF(P80<0.05,"YES","no") -> no | V80: =IF(N80>1,"YES","no") -> no
A81: Urate | C81: High | D81: 167.02115 | E81: 8.643 | F81: 12653857 | G81: 10019662 | H81: 15581340 | I81: 2821846.2 | J81: 14117599 | K81: 1.231351 | L81: 0.30024208 | M81: 0.21285058 | N81: 0.59703983 | O81: 0.5175439 | P81: 0.62562535 | Q81: =RANK(N81,$N$7:$N$307,0) -> 75 | R81: =RANK(O81,$O$7:$O$307,1) -> 249 | S81: =RANK(J81,$J$7:$J$307,0) -> 68 | T81: =IF(O81<0.05,"YES","no") -> no | U81: =IF(P81<0.05,"YES","no") -> no | V81: =IF(N81>1,"YES","no") -> no
A82: Phosphoadenosine phosphosulfate | C82: Medium | D82: 426.02204 | E82: 9.694 | F82: 4045455.8 | G82: 3218995.7 | H82: 1845244.4 | I82: 2544678.5 | J82: 2945350.1 | K82: 0.45612769 | L82: -1.1324904 | M82: 0.38357101 | N82: 0.58041979 | O82: 0.21989514 | P82: 0.33769611 | Q82: =RANK(N82,$N$7:$N$307,0) -> 76 | R82: =RANK(O82,$O$7:$O$307,1) -> 196 | S82: =RANK(J82,$J$7:$J$307,0) -> 124 | T82: =IF(O82<0.05,"YES","no") -> no | U82: =IF(P82<0.05,"YES","no") -> no | V82: =IF(N82>1,"YES","no") -> no
A83: Aspartate | C83: High | D83: 134.04474 | E83: 9.92 | F83: 10621263 | G83: 5366803.2 | H83: 18430653 | I83: 10810149 | J83: 14525958 | K83: 1.7352599 | L83: 0.7951518 | M83: 0.44807879 | N83: 0.56159399 | O83: 0.15510405 | P83: 0.25823031 | Q83: =RANK(N83,$N$7:$N$307,0) -> 77 | R83: =RANK(O83,$O$7:$O$307,1) -> 180 | S83: =RANK(J83,$J$7:$J$307,0) -> 65 | T83: =IF(O83<0.05,"YES","no") -> no | U83: =IF(P83<0.05,"YES","no") -> no | V83: =IF(N83>1,"YES","no") -> no
A84: ATP | C84: High | D84: 508.00291 | E84: 10.408 | F84: 2692693.2 | G84: 3416341 | H84: 789750.71 | I84: 655025.65 | J84: 1741222 | K84: 0.29329398 | L84: -1.7695806 | M84: 0.39015866 | N84: 0.55716379 | O84: 0.23418393 | P84: 0.35565162 | Q84: =RANK(N84,$N$7:$N$307,0) -> 78 | R84: =RANK(O84,$O$7:$O$307,1) -> 198 | S84: =RANK(J84,$J$7:$J$307,0) -> 146 | T84: =IF(O84<0.05,"YES","no") -> no | U84: =IF(P84<0.05,"YES","no") -> no | V84: =IF(N84>1,"YES","no") -> no
A85: 3-Hydroxybutyrate | C85: High | D85: 103.04002 | E85: 6.831 | F85: 3443122.4 | G85: 2539026.9 | H85: 8464552.1 | I85: 3662042.8 | J85: 5953837.3 | K85: 2.4583942 | L85: 1.2977163 | M85: 0.65759036 | N85: 0.54505476 | O85: 0.022319715 | P85: 0.083066195 | Q85: =RANK(N85,$N$7:$N$307,0) -> 79 | R85: =RANK(O85,$O$7:$O$307,1) -> 80 | S85: =RANK(J85,$J$7:$J$307,0) -> 94 | T85: =IF(O85<0.05,"YES","no") -> YES | U85: =IF(P85<0.05,"YES","no") -> no | V85: =IF(N85>1,"YES","no") -> no
A86: 1-Aminocyclopropanecarboxylate | C86: Medium | D86: 102.05488 | E86: 10.87 | F86: 3107399.8 | G86: 1356055 | H86: 6747064.3 | I86: 852206.75 | J86: 4927232 | K86: 2.1712894 | L86: 1.1185521 | M86: 0.8694901 | N86: 0.54198672 | O86: 0.00044333591 | P86: 0.020140122 | Q86: =RANK(N86,$N$7:$N$307,0) -> 80 | R86: =RANK(O86,$O$7:$O$307,1) -> 6 | S86: =RANK(J86,$J$7:$J$307,0) -> 106 | T86: =IF(O86<0.05,"YES","no") -> YES | U86: =IF(P86<0.05,"YES","no") -> YES | V86: =IF(N86>1,"YES","no") -> no
A87: 4-propylphenol | C87: Medium | D87: 119.08541 | E87: 4.064 | F87: 86454199 | G87: 18642525 | H87: 98130349 | I87: 27981736 | J87: 92292274 | K87: 1.1350559 | L87: 0.18276335 | M87: 0.25975655 | N87: 0.53382238 | O87: 0.4177544 | P87: 0.53092497 | Q87: =RANK(N87,$N$7:$N$307,0) -> 81 | R87: =RANK(O87,$O$7:$O$307,1) -> 236 | S87: =RANK(J87,$J$7:$J$307,0) -> 19 | T87: =IF(O87<0.05,"YES","no") -> no | U87: =IF(P87<0.05,"YES","no") -> no | V87: =IF(N87>1,"YES","no") -> no
A88: 3,4-Dimethylbenzoic acid | C88: Medium | D88: 149.06073 | E88: 4.849 | F88: 12230188 | G88: 4522505.3 | H88: 17545394 | I88: 3578937.6 | J88: 14887791 | K88: 1.4345972 | L88: 0.52064568 | M88: 0.58101708 | N88: 0.53326396 | O88: 0.048905633 | P88: 0.126137 | Q88: =RANK(N88,$N$7:$N$307,0) -> 82 | R88: =RANK(O88,$O$7:$O$307,1) -> 116 | S88: =RANK(J88,$J$7:$J$307,0) -> 63 | T88: =IF(O88<0.05,"YES","no") -> YES | U88: =IF(P88<0.05,"YES","no") -> no | V88: =IF(N88>1,"YES","no") -> no
A89: L-Serine | C89: High | D89: 104.03524 | E89: 11.442 | F89: 9445701.5 | G89: 2845878.1 | H89: 13987245 | I89: 2687288.9 | J89: 11716473 | K89: 1.4808053 | L89: 0.56638199 | M89: 0.66845359 | N89: 0.52933075 | O89: 0.017538496 | P89: 0.071038772 | Q89: =RANK(N89,$N$7:$N$307,0) -> 83 | R89: =RANK(O89,$O$7:$O$307,1) -> 73 | S89: =RANK(J89,$J$7:$J$307,0) -> 74 | T89: =IF(O89<0.05,"YES","no") -> YES | U89: =IF(P89<0.05,"YES","no") -> no | V89: =IF(N89>1,"YES","no") -> no
A90: O-Acetyl-L-serine | C90: High | D90: 128.03532 | E90: 7.876 | F90: 21232926 | G90: 9575392.2 | H90: 26490708 | I90: 2828553.9 | J90: 23861817 | K90: 1.247624 | L90: 0.3191832 | M90: 0.37768892 | N90: 0.52451231 | O90: 0.24560107 | P90: 0.36708252 | Q90: =RANK(N90,$N$7:$N$307,0) -> 84 | R90: =RANK(O90,$O$7:$O$307,1) -> 201 | S90: =RANK(J90,$J$7:$J$307,0) -> 53 | T90: =IF(O90<0.05,"YES","no") -> no | U90: =IF(P90<0.05,"YES","no") -> no | V90: =IF(N90>1,"YES","no") -> no
... A93: Isocitrate | C93: High | D93: 191.01976 | E93: 11.158 | F93: 6643956.4 | G93: 4121629.4 | H93: 11249583 | I93: 6498031.5 | J93: 8946769.7 | K93: 1.6932054 | L93: 0.75975699 | M93: 0.42061153 | N93: 0.5047168 | O93: 0.17877118 | P93: 0.28930175 | Q93: =RANK(N93,$N$7:$N$307,0) -> 87 | R93: =RANK(O93,$O$7:$O$307,1) -> 186 | S93: =RANK(J93,$J$7:$J$307,0) -> 83 | T93: =IF(O93<0.05,"YES","no") -> no | U93: =IF(P93<0.05,"YES","no") -> no | V93: =IF(N93>1,"YES","no") -> no
A94: 2-Oxindole | B94: C12312 | C94: Medium | D94: 134.05998 | E94: 6.153 | F94: 3144616.3 | G94: 1370647.4 | H94: 7429809.1 | I94: 3917429 | J94: 5287212.7 | K94: 2.3627077 | L94: 1.2404411 | M94: 0.62458747 | N94: 0.50050759 | O94: 0.043453414 | P94: 0.11890434 | Q94: =RANK(N94,$N$7:$N$307,0) -> 88 | R94: =RANK(O94,$O$7:$O$307,1) -> 110 | S94: =RANK(J94,$J$7:$J$307,0) -> 102 | T94: =IF(O94<0.05,"YES","no") -> YES | U94: =IF(P94<0.05,"YES","no") -> no | V94: =IF(N94>1,"YES","no") -> no
A95: UDP-N-Acetylgalactosamine | B95: C00043 | C95: High | D95: 606.07472 | E95: 8.878 | F95: 8805140.9 | G95: 3616147.4 | H95: 13025026 | I95: 2933066.5 | J95: 10915083 | K95: 1.4792524 | L95: 0.56486827 | M95: 0.57457418 | N95: 0.48962299 | O95: 0.051791588 | P95: 0.12793424 | Q95: =RANK(N95,$N$7:$N$307,0) -> 89 | R95: =RANK(O95,$O$7:$O$307,1) -> 121 | S95: =RANK(J95,$J$7:$J$307,0) -> 78 | T95: =IF(O95<0.05,"YES","no") -> no | U95: =IF(P95<0.05,"YES","no") -> no | V95: =IF(N95>1,"YES","no") -> no
A96: Fructose 6-Phosphate | C96: High | D96: 261.03698 | E96: 10.336 | F96: 2525385.6 | G96: 1864735.6 | H96: 7652297.5 | I96: 6238913.3 | J96: 5088841.6 | K96: 3.0301501 | L96: 1.5993893 | M96: 0.52068245 | N96: 0.48959141 | O96: 0.10297692 | P96: 0.19997453 | Q96: =RANK(N96,$N$7:$N$307,0) -> 90 | R96: =RANK(O96,$O$7:$O$307,1) -> 155 | S96: =RANK(J96,$J$7:$J$307,0) -> 105 | T96: =IF(O96<0.05,"YES","no") -> no | U96: =IF(P96<0.05,"YES","no") -> no | V96: =IF(N96>1,"YES","no") -> no
A97: 3-Hydroxyisobutyrate | C97: High | D97: 103.03999 | E97: 7.484 | F97: 4179473.8 | G97: 4185012.3 | H97: 6046552.4 | I97: 3009387.2 | J97: 5113013.1 | K97: 1.4467258 | L97: 0.53279148 | M97: 0.27013602 | N97: 0.47108286 | O97: 0.39784613 | P97: 0.51840556 | Q97: =RANK(N97,$N$7:$N$307,0) -> 91 | R97: =RANK(O97,$O$7:$O$307,1) -> 231 | S97: =RANK(J97,$J$7:$J$307,0) -> 104 | T97: =IF(O97<0.05,"YES","no") -> no | U97: =IF(P97<0.05,"YES","no") -> no | V97: =IF(N97>1,"YES","no") -> no
A98: 2-Methylbenzoate | C98: High | D98: 135.04513 | E98: 5.018 | F98: 15948854 | G98: 5635711.4 | H98: 20955891 | I98: 4436404.2 | J98: 18452373 | K98: 1.3139434 | L98: 0.39390309 | M98: 0.47565712 | N98: 0.4676957 | O98: 0.11973566 | P98: 0.2176982 | Q98: =RANK(N98,$N$7:$N$307,0) -> 92 | R98: =RANK(O98,$O$7:$O$307,1) -> 164 | S98: =RANK(J98,$J$7:$J$307,0) -> 57 | T98: =IF(O98<0.05,"YES","no") -> no | U98: =IF(P98<0.05,"YES","no") -> no | V98: =IF(N98>1,"YES","no") -> no
A99: 2-Hydroxyglutarate | C99: High | D99: 147.02994 | E99: 9.279 | F99: 8006592 | G99: 3031864.2 | H99: 11626230 | I99: 1407651.1 | J99: 9816411.1 | K99: 1.4520823 | L99: 0.53812318 | M99: 0.64263917 | N99: 0.46380979 | O99: 0.032572599 | P99: 0.097682759 | Q99: =RANK(N99,$N$7:$N$307,0) -> 93 | R99: =RANK(O99,$O$7:$O$307,1) -> 100 | S99: =RANK(J99,$J$7:$J$307,0) -> 81 | T99: =IF(O99<0.05,"YES","no") -> YES | U99: =IF(P99<0.05,"YES","no") -> no | V99: =IF(N99>1,"YES","no") -> no
A100: 3-Phosphoglycerate | C100: High | D100: 184.9856 | E100: 10.471 | F100: 1685735.5 | G100: 2375523.7 | H100: 443353.66 | I100: 280620.21 | J100: 1064544.6 | K100: 0.2630031 | L100: -1.9268483 | M100: 0.37323834 | N100: 0.45907093 | O100: 0.25781621 | P100: 0.37446718 | Q100: =RANK(N100,$N$7:$N$307,0) -> 94 | R100: =RANK(O100,$O$7:$O$307,1) -> 207 | S100: =RANK(J100,$J$7:$J$307,0) -> 169 | T100: =IF(O100<0.05,"YES","no") -> no | U100: =IF(P100<0.05,"YES","no") -> no | V100: =IF(N100>1,"YES","no") -> no
A101: N-Acetyl-1-aspartylglutamic acid | B101: C12270 | C101: Medium | D101: 285.07264 | E101: 9.709 | F101: 1440638.8 | G101: 777756.81 | H101: 4188353.3 | I101: 1385421.7 | J101: 2814496.1 | K101: 2.9072889 | L101: 1.5396745 | M101: 0.80134863 | N101: 0.45653822 | O101: 0.0029625663 | P101: 0.031314854 | Q101: =RANK(N101,$N$7:$N$307,0) -> 95 | R101: =RANK(O101,$O$7:$O$307,1) -> 27 | S101: =RANK(J101,$J$7:$J$307,0) -> 125 | T101: =IF(O101<0.05,"YES","no") -> YES | U101: =IF(P101<0.05,"YES","no") -> YES | V101: =IF(N101>1,"YES","no") -> no
A102: Prolylleucine | C102: Medium | D102: 229.15467 | E102: 9.96 | F102: 2216979.4 | G102: 3345708.1 | H102: 1434043.2 | I102: 450601.02 | J102: 1825511.3 | K102: 0.64684552 | L102: -0.62850689 | M102: 0.17681271 | N102: 0.45072122 | O102: 0.59371577 | P102: 0.6953636 | Q102: =RANK(N102,$N$7:$N$307,0) -> 96 | R102: =RANK(O102,$O$7:$O$307,1) -> 257 | S102: =RANK(J102,$J$7:$J$307,0) -> 145 | T102: =IF(O102<0.05,"YES","no") -> no | U102: =IF(P102<0.05,"YES","no") -> no | V102: =IF(N102>1,"YES","no") -> no
A103: Gluconate | C103: High | D103: 195.05091 | E103: 9.065 | F103: 3018443.7 | G103: 1604862.4 | H103: 5960770.6 | I103: 1439255.7 | J103: 4489607.1 | K103: 1.9747828 | L103: 0.98169396 | M103: 0.72650369 | N103: 0.43910273 | O103: 0.0075683852 | P103: 0.048427013 | Q103: =RANK(N103,$N$7:$N$307,0) -> 97 | R103: =RANK(O103,$O$7:$O$307,1) -> 47 | S103: =RANK(J103,$J$7:$J$307,0) -> 111 | T103: =IF(O103<0.05,"YES","no") -> YES | U103: =IF(P103<0.05,"YES","no") -> YES | V103: =IF(N103>1,"YES","no") -> no
...
